paper_id,inference_run_id,spec_run_id,spec_id,spec_tree_path,baseline_group_id,coefficient,std_error,p_value,ci_lower,ci_upper,n_obs,r_squared,coefficient_vector_json,run_success,run_error
149481-V1,149481-V1_infer_001,149481-V1_run_006,infer/se/hc/hc1,specification_tree/modules/inference/standard_errors.md#hc,G1,0.000800629433215344,0.001867641412443441,0.6681528344250593,-0.0028598896047709087,0.004461148471201597,485766,0.18235892016125865,"{""coefficients"": {""treat"": 0.000800629433215344, ""payment_amount2"": -0.00041927311037982877, ""var12"": 0.12532222258817066, ""female"": 0.008874293655979007, ""age_display2"": -0.008220153048794697, ""age_display3"": 0.07456958991137097, ""inc_display3"": 0.0018950271000413852, ""inc_display1"": 0.01881382323879491, ""inc_display2"": 0.03044763212775391, ""lor_display2"": 0.005406511615301727}, ""inference"": {""spec_id"": ""infer/se/hc/hc1"", ""params"": {}}, ""software"": {""runner_language"": ""python"", ""runner_version"": ""3.12.7"", ""packages"": {""numpy"": ""2.1.3"", ""pandas"": ""2.2.3"", ""statsmodels"": ""0.14.6"", ""linearmodels"": ""6.1"", ""pyfixest"": ""0.40.1"", ""scipy"": ""1.15.1"", ""rdrobust"": ""1.3.0"", ""openpyxl"": ""3.1.5"", ""pyreadstat"": ""1.3.3""}}, ""surface_hash"": ""sha256:ce011d674a7943ee59e47850672f6189b7a5e1cf06059c51e540683af2787be0"", ""design"": {""randomized_experiment"": {""estimator"": ""difference_in_means"", ""estimand"": ""ITT"", ""randomization_unit"": ""individual (account_id)"", ""stratification"": ""station x exec_date (variable: ii)"", ""n_strata"": ""multiple station-by-quarter groups"", ""fe_structure"": [""ii""], ""cluster_vars"": [], ""se_type"": ""nonparametric (ranksum/chi2 for Table 2), classical OLS SE for Table A1 (xtreg, fe without robust/cluster option)"", ""sample_filter"": ""exp1_analysis_data (exec_date != 1610, 1701; stations 24, 55, 64, 61 dropped; payment_amount2==0 dropped; sustaining donors dropped; big donors >=10k dropped)"", ""notes"": ""Individual-level randomization within station x quarter strata. Table 2 reports treatment vs control means with Wilcoxon rank-sum p-values (continuous) and chi-square p-values (binary). Table A1 reports OLS with strata FE (xtreg, fe) and demographic controls. Note: xtreg, fe without robust option uses classical (non-robust) SE.""}}}",1,
149481-V1,149481-V1_infer_002,149481-V1_run_007,infer/se/hc/hc1,specification_tree/modules/inference/standard_errors.md#hc,G1,0.6707010794474082,1.0430961014197924,0.5202312243640126,-1.3737478702278592,2.7151500291226753,136947,0.18732145496009245,"{""coefficients"": {""treat"": 0.6707010794474082, ""payment_amount2"": 0.5559768898336398, ""var12"": -1.5668535649309, ""female"": -3.2738360306314522, ""age_display2"": 0.9866182570744965, ""age_display3"": 3.247424015052515, ""inc_display3"": -4.250454608527819, ""inc_display1"": 1.6722851408981252, ""inc_display2"": 8.608364859468661, ""lor_display2"": 2.465008111984989}, ""inference"": {""spec_id"": ""infer/se/hc/hc1"", ""params"": {}}, ""software"": {""runner_language"": ""python"", ""runner_version"": ""3.12.7"", ""packages"": {""numpy"": ""2.1.3"", ""pandas"": ""2.2.3"", ""statsmodels"": ""0.14.6"", ""linearmodels"": ""6.1"", ""pyfixest"": ""0.40.1"", ""scipy"": ""1.15.1"", ""rdrobust"": ""1.3.0"", ""openpyxl"": ""3.1.5"", ""pyreadstat"": ""1.3.3""}}, ""surface_hash"": ""sha256:ce011d674a7943ee59e47850672f6189b7a5e1cf06059c51e540683af2787be0"", ""design"": {""randomized_experiment"": {""estimator"": ""difference_in_means"", ""estimand"": ""ITT"", ""randomization_unit"": ""individual (account_id)"", ""stratification"": ""station x exec_date (variable: ii)"", ""n_strata"": ""multiple station-by-quarter groups"", ""fe_structure"": [""ii""], ""cluster_vars"": [], ""se_type"": ""nonparametric (ranksum/chi2 for Table 2), classical OLS SE for Table A1 (xtreg, fe without robust/cluster option)"", ""sample_filter"": ""exp1_analysis_data (exec_date != 1610, 1701; stations 24, 55, 64, 61 dropped; payment_amount2==0 dropped; sustaining donors dropped; big donors >=10k dropped)"", ""notes"": ""Individual-level randomization within station x quarter strata. Table 2 reports treatment vs control means with Wilcoxon rank-sum p-values (continuous) and chi-square p-values (binary). Table A1 reports OLS with strata FE (xtreg, fe) and demographic controls. Note: xtreg, fe without robust option uses classical (non-robust) SE.""}}}",1,
149481-V1,149481-V1_infer_003,149481-V1_run_006,infer/se/cluster/station,specification_tree/modules/inference/standard_errors.md#cluster,G1,0.000800629433215344,0.0013178637296056607,0.545622097764157,-0.0018313261792749906,0.0034325850457056785,485766,0.18235892016125865,"{""coefficients"": {""treat"": 0.000800629433215344, ""payment_amount2"": -0.00041927311037982877, ""var12"": 0.12532222258817066, ""female"": 0.008874293655979007, ""age_display2"": -0.008220153048794697, ""age_display3"": 0.07456958991137097, ""inc_display3"": 0.0018950271000413852, ""inc_display1"": 0.01881382323879491, ""inc_display2"": 0.03044763212775391, ""lor_display2"": 0.005406511615301727}, ""inference"": {""spec_id"": ""infer/se/cluster/station"", ""params"": {""cluster_var"": ""station_id""}}, ""software"": {""runner_language"": ""python"", ""runner_version"": ""3.12.7"", ""packages"": {""numpy"": ""2.1.3"", ""pandas"": ""2.2.3"", ""statsmodels"": ""0.14.6"", ""linearmodels"": ""6.1"", ""pyfixest"": ""0.40.1"", ""scipy"": ""1.15.1"", ""rdrobust"": ""1.3.0"", ""openpyxl"": ""3.1.5"", ""pyreadstat"": ""1.3.3""}}, ""surface_hash"": ""sha256:ce011d674a7943ee59e47850672f6189b7a5e1cf06059c51e540683af2787be0"", ""design"": {""randomized_experiment"": {""estimator"": ""difference_in_means"", ""estimand"": ""ITT"", ""randomization_unit"": ""individual (account_id)"", ""stratification"": ""station x exec_date (variable: ii)"", ""n_strata"": ""multiple station-by-quarter groups"", ""fe_structure"": [""ii""], ""cluster_vars"": [], ""se_type"": ""nonparametric (ranksum/chi2 for Table 2), classical OLS SE for Table A1 (xtreg, fe without robust/cluster option)"", ""sample_filter"": ""exp1_analysis_data (exec_date != 1610, 1701; stations 24, 55, 64, 61 dropped; payment_amount2==0 dropped; sustaining donors dropped; big donors >=10k dropped)"", ""notes"": ""Individual-level randomization within station x quarter strata. Table 2 reports treatment vs control means with Wilcoxon rank-sum p-values (continuous) and chi-square p-values (binary). Table A1 reports OLS with strata FE (xtreg, fe) and demographic controls. Note: xtreg, fe without robust option uses classical (non-robust) SE.""}}}",1,
149481-V1,149481-V1_infer_004,149481-V1_run_007,infer/se/cluster/station,specification_tree/modules/inference/standard_errors.md#cluster,G1,0.6707010794474082,1.0528386868254724,0.5263357429873503,-1.4319629734333998,2.773365132328216,136947,0.18732145496009245,"{""coefficients"": {""treat"": 0.6707010794474082, ""payment_amount2"": 0.5559768898336398, ""var12"": -1.5668535649309, ""female"": -3.2738360306314522, ""age_display2"": 0.9866182570744965, ""age_display3"": 3.247424015052515, ""inc_display3"": -4.250454608527819, ""inc_display1"": 1.6722851408981252, ""inc_display2"": 8.608364859468661, ""lor_display2"": 2.465008111984989}, ""inference"": {""spec_id"": ""infer/se/cluster/station"", ""params"": {""cluster_var"": ""station_id""}}, ""software"": {""runner_language"": ""python"", ""runner_version"": ""3.12.7"", ""packages"": {""numpy"": ""2.1.3"", ""pandas"": ""2.2.3"", ""statsmodels"": ""0.14.6"", ""linearmodels"": ""6.1"", ""pyfixest"": ""0.40.1"", ""scipy"": ""1.15.1"", ""rdrobust"": ""1.3.0"", ""openpyxl"": ""3.1.5"", ""pyreadstat"": ""1.3.3""}}, ""surface_hash"": ""sha256:ce011d674a7943ee59e47850672f6189b7a5e1cf06059c51e540683af2787be0"", ""design"": {""randomized_experiment"": {""estimator"": ""difference_in_means"", ""estimand"": ""ITT"", ""randomization_unit"": ""individual (account_id)"", ""stratification"": ""station x exec_date (variable: ii)"", ""n_strata"": ""multiple station-by-quarter groups"", ""fe_structure"": [""ii""], ""cluster_vars"": [], ""se_type"": ""nonparametric (ranksum/chi2 for Table 2), classical OLS SE for Table A1 (xtreg, fe without robust/cluster option)"", ""sample_filter"": ""exp1_analysis_data (exec_date != 1610, 1701; stations 24, 55, 64, 61 dropped; payment_amount2==0 dropped; sustaining donors dropped; big donors >=10k dropped)"", ""notes"": ""Individual-level randomization within station x quarter strata. Table 2 reports treatment vs control means with Wilcoxon rank-sum p-values (continuous) and chi-square p-values (binary). Table A1 reports OLS with strata FE (xtreg, fe) and demographic controls. Note: xtreg, fe without robust option uses classical (non-robust) SE.""}}}",1,
149481-V1,149481-V1_infer_005,149481-V1_run_001,infer/test/ttest,specification_tree/modules/inference/tests.md#ttest,G1,-0.0008930537635300495,0.0020600690674167834,0.6646480729352828,-0.004930789135666945,0.003144681608606846,485767,,"{""coefficients"": {""treat_effect"": -0.0008930537635300495}, ""inference"": {""spec_id"": ""infer/test/ttest"", ""params"": {}}, ""software"": {""runner_language"": ""python"", ""runner_version"": ""3.12.7"", ""packages"": {""numpy"": ""2.1.3"", ""pandas"": ""2.2.3"", ""statsmodels"": ""0.14.6"", ""linearmodels"": ""6.1"", ""pyfixest"": ""0.40.1"", ""scipy"": ""1.15.1"", ""rdrobust"": ""1.3.0"", ""openpyxl"": ""3.1.5"", ""pyreadstat"": ""1.3.3""}}, ""surface_hash"": ""sha256:ce011d674a7943ee59e47850672f6189b7a5e1cf06059c51e540683af2787be0"", ""design"": {""randomized_experiment"": {""estimator"": ""difference_in_means"", ""estimand"": ""ITT"", ""randomization_unit"": ""individual (account_id)"", ""stratification"": ""station x exec_date (variable: ii)"", ""n_strata"": ""multiple station-by-quarter groups"", ""fe_structure"": [""ii""], ""cluster_vars"": [], ""se_type"": ""nonparametric (ranksum/chi2 for Table 2), classical OLS SE for Table A1 (xtreg, fe without robust/cluster option)"", ""sample_filter"": ""exp1_analysis_data (exec_date != 1610, 1701; stations 24, 55, 64, 61 dropped; payment_amount2==0 dropped; sustaining donors dropped; big donors >=10k dropped)"", ""notes"": ""Individual-level randomization within station x quarter strata. Table 2 reports treatment vs control means with Wilcoxon rank-sum p-values (continuous) and chi-square p-values (binary). Table A1 reports OLS with strata FE (xtreg, fe) and demographic controls. Note: xtreg, fe without robust option uses classical (non-robust) SE.""}}}",1,
149481-V1,149481-V1_infer_006,149481-V1_run_002,infer/test/ttest,specification_tree/modules/inference/tests.md#ttest,G1,0.003437042236328125,0.41202350454353387,0.9933442605446083,-0.8041290266689982,0.8110031111416545,485767,,"{""coefficients"": {""treat_effect"": 0.003437042236328125}, ""inference"": {""spec_id"": ""infer/test/ttest"", ""params"": {}}, ""software"": {""runner_language"": ""python"", ""runner_version"": ""3.12.7"", ""packages"": {""numpy"": ""2.1.3"", ""pandas"": ""2.2.3"", ""statsmodels"": ""0.14.6"", ""linearmodels"": ""6.1"", ""pyfixest"": ""0.40.1"", ""scipy"": ""1.15.1"", ""rdrobust"": ""1.3.0"", ""openpyxl"": ""3.1.5"", ""pyreadstat"": ""1.3.3""}}, ""surface_hash"": ""sha256:ce011d674a7943ee59e47850672f6189b7a5e1cf06059c51e540683af2787be0"", ""design"": {""randomized_experiment"": {""estimator"": ""difference_in_means"", ""estimand"": ""ITT"", ""randomization_unit"": ""individual (account_id)"", ""stratification"": ""station x exec_date (variable: ii)"", ""n_strata"": ""multiple station-by-quarter groups"", ""fe_structure"": [""ii""], ""cluster_vars"": [], ""se_type"": ""nonparametric (ranksum/chi2 for Table 2), classical OLS SE for Table A1 (xtreg, fe without robust/cluster option)"", ""sample_filter"": ""exp1_analysis_data (exec_date != 1610, 1701; stations 24, 55, 64, 61 dropped; payment_amount2==0 dropped; sustaining donors dropped; big donors >=10k dropped)"", ""notes"": ""Individual-level randomization within station x quarter strata. Table 2 reports treatment vs control means with Wilcoxon rank-sum p-values (continuous) and chi-square p-values (binary). Table A1 reports OLS with strata FE (xtreg, fe) and demographic controls. Note: xtreg, fe without robust option uses classical (non-robust) SE.""}}}",1,
149481-V1,149481-V1_infer_007,149481-V1_run_003,infer/test/ttest,specification_tree/modules/inference/tests.md#ttest,G1,-0.01333316933777251,0.009871760018655673,0.17681613513784591,-0.032681818974337626,0.006015480298792609,485767,,"{""coefficients"": {""treat_effect"": -0.01333316933777251}, ""inference"": {""spec_id"": ""infer/test/ttest"", ""params"": {}}, ""software"": {""runner_language"": ""python"", ""runner_version"": ""3.12.7"", ""packages"": {""numpy"": ""2.1.3"", ""pandas"": ""2.2.3"", ""statsmodels"": ""0.14.6"", ""linearmodels"": ""6.1"", ""pyfixest"": ""0.40.1"", ""scipy"": ""1.15.1"", ""rdrobust"": ""1.3.0"", ""openpyxl"": ""3.1.5"", ""pyreadstat"": ""1.3.3""}}, ""surface_hash"": ""sha256:ce011d674a7943ee59e47850672f6189b7a5e1cf06059c51e540683af2787be0"", ""design"": {""randomized_experiment"": {""estimator"": ""difference_in_means"", ""estimand"": ""ITT"", ""randomization_unit"": ""individual (account_id)"", ""stratification"": ""station x exec_date (variable: ii)"", ""n_strata"": ""multiple station-by-quarter groups"", ""fe_structure"": [""ii""], ""cluster_vars"": [], ""se_type"": ""nonparametric (ranksum/chi2 for Table 2), classical OLS SE for Table A1 (xtreg, fe without robust/cluster option)"", ""sample_filter"": ""exp1_analysis_data (exec_date != 1610, 1701; stations 24, 55, 64, 61 dropped; payment_amount2==0 dropped; sustaining donors dropped; big donors >=10k dropped)"", ""notes"": ""Individual-level randomization within station x quarter strata. Table 2 reports treatment vs control means with Wilcoxon rank-sum p-values (continuous) and chi-square p-values (binary). Table A1 reports OLS with strata FE (xtreg, fe) and demographic controls. Note: xtreg, fe without robust option uses classical (non-robust) SE.""}}}",1,
149481-V1,149481-V1_infer_008,149481-V1_run_004,infer/test/ttest,specification_tree/modules/inference/tests.md#ttest,G1,0.41263580322265625,1.1298127265501345,0.7149473746555457,-1.8017971408156073,2.6270687472609198,136950,,"{""coefficients"": {""treat_effect"": 0.41263580322265625}, ""inference"": {""spec_id"": ""infer/test/ttest"", ""params"": {}}, ""software"": {""runner_language"": ""python"", ""runner_version"": ""3.12.7"", ""packages"": {""numpy"": ""2.1.3"", ""pandas"": ""2.2.3"", ""statsmodels"": ""0.14.6"", ""linearmodels"": ""6.1"", ""pyfixest"": ""0.40.1"", ""scipy"": ""1.15.1"", ""rdrobust"": ""1.3.0"", ""openpyxl"": ""3.1.5"", ""pyreadstat"": ""1.3.3""}}, ""surface_hash"": ""sha256:ce011d674a7943ee59e47850672f6189b7a5e1cf06059c51e540683af2787be0"", ""design"": {""randomized_experiment"": {""estimator"": ""difference_in_means"", ""estimand"": ""ITT"", ""randomization_unit"": ""individual (account_id)"", ""stratification"": ""station x exec_date (variable: ii)"", ""n_strata"": ""multiple station-by-quarter groups"", ""fe_structure"": [""ii""], ""cluster_vars"": [], ""se_type"": ""nonparametric (ranksum/chi2 for Table 2), classical OLS SE for Table A1 (xtreg, fe without robust/cluster option)"", ""sample_filter"": ""exp1_analysis_data (exec_date != 1610, 1701; stations 24, 55, 64, 61 dropped; payment_amount2==0 dropped; sustaining donors dropped; big donors >=10k dropped)"", ""notes"": ""Individual-level randomization within station x quarter strata. Table 2 reports treatment vs control means with Wilcoxon rank-sum p-values (continuous) and chi-square p-values (binary). Table A1 reports OLS with strata FE (xtreg, fe) and demographic controls. Note: xtreg, fe without robust option uses classical (non-robust) SE.""}}}",1,
149481-V1,149481-V1_infer_009,149481-V1_run_005,infer/test/ttest,specification_tree/modules/inference/tests.md#ttest,G1,-0.001975446939468384,0.003832053835860899,0.6062011298491867,-0.009486272457755745,0.005535378578818978,485767,,"{""coefficients"": {""treat_effect"": -0.001975446939468384}, ""inference"": {""spec_id"": ""infer/test/ttest"", ""params"": {}}, ""software"": {""runner_language"": ""python"", ""runner_version"": ""3.12.7"", ""packages"": {""numpy"": ""2.1.3"", ""pandas"": ""2.2.3"", ""statsmodels"": ""0.14.6"", ""linearmodels"": ""6.1"", ""pyfixest"": ""0.40.1"", ""scipy"": ""1.15.1"", ""rdrobust"": ""1.3.0"", ""openpyxl"": ""3.1.5"", ""pyreadstat"": ""1.3.3""}}, ""surface_hash"": ""sha256:ce011d674a7943ee59e47850672f6189b7a5e1cf06059c51e540683af2787be0"", ""design"": {""randomized_experiment"": {""estimator"": ""difference_in_means"", ""estimand"": ""ITT"", ""randomization_unit"": ""individual (account_id)"", ""stratification"": ""station x exec_date (variable: ii)"", ""n_strata"": ""multiple station-by-quarter groups"", ""fe_structure"": [""ii""], ""cluster_vars"": [], ""se_type"": ""nonparametric (ranksum/chi2 for Table 2), classical OLS SE for Table A1 (xtreg, fe without robust/cluster option)"", ""sample_filter"": ""exp1_analysis_data (exec_date != 1610, 1701; stations 24, 55, 64, 61 dropped; payment_amount2==0 dropped; sustaining donors dropped; big donors >=10k dropped)"", ""notes"": ""Individual-level randomization within station x quarter strata. Table 2 reports treatment vs control means with Wilcoxon rank-sum p-values (continuous) and chi-square p-values (binary). Table A1 reports OLS with strata FE (xtreg, fe) and demographic controls. Note: xtreg, fe without robust option uses classical (non-robust) SE.""}}}",1,
149481-V1,149481-V1_infer_010,149481-V1_run_013,infer/se/hc/hc1,specification_tree/modules/inference/standard_errors.md#hc,G2,0.0004840612334588686,0.0036941547139081967,0.8957485763430653,-0.006756501035714127,0.007724623502631864,57631,0.08009602698424634,"{""coefficients"": {""Intercept"": 0.14575277168946504, ""treat"": 0.0004840612334588686, ""payment_amount2"": 0.0002464788454873789, ""var12"": 0.10736888073936293}, ""inference"": {""spec_id"": ""infer/se/hc/hc1"", ""params"": {}}, ""software"": {""runner_language"": ""python"", ""runner_version"": ""3.12.7"", ""packages"": {""numpy"": ""2.1.3"", ""pandas"": ""2.2.3"", ""statsmodels"": ""0.14.6"", ""linearmodels"": ""6.1"", ""pyfixest"": ""0.40.1"", ""scipy"": ""1.15.1"", ""rdrobust"": ""1.3.0"", ""openpyxl"": ""3.1.5"", ""pyreadstat"": ""1.3.3""}}, ""surface_hash"": ""sha256:ce011d674a7943ee59e47850672f6189b7a5e1cf06059c51e540683af2787be0"", ""design"": {""randomized_experiment"": {""estimator"": ""difference_in_means"", ""estimand"": ""ITT"", ""randomization_unit"": ""individual (account_id)"", ""stratification"": ""none"", ""fe_structure"": [], ""cluster_vars"": [], ""se_type"": ""nonparametric (ranksum/chi2)"", ""sample_filter"": ""exp2_analysis_data (gift.dta source; existing donors dropped via payment_amount1!=.; baseline non-donors with payment_amount2==0 kept since replaced to 0 if missing)"", ""notes"": ""Individual-level randomization with no strata. Table 2 reports treatment vs control means with Wilcoxon rank-sum p-values (continuous) and chi-square p-values (binary). Table A1 reports OLS without FE and without demographic controls (only baseline giving vars).""}}}",1,
149481-V1,149481-V1_infer_011,149481-V1_run_014,infer/se/hc/hc1,specification_tree/modules/inference/standard_errors.md#hc,G2,-0.2313576770356729,1.861437623331903,0.9010872359735869,-3.8799556695959097,3.417240315524564,17862,0.4773029889791832,"{""coefficients"": {""Intercept"": 30.901782107556155, ""treat"": -0.2313576770356729, ""payment_amount2"": 0.8266860984418213, ""var12"": 4.570032667720162}, ""inference"": {""spec_id"": ""infer/se/hc/hc1"", ""params"": {}}, ""software"": {""runner_language"": ""python"", ""runner_version"": ""3.12.7"", ""packages"": {""numpy"": ""2.1.3"", ""pandas"": ""2.2.3"", ""statsmodels"": ""0.14.6"", ""linearmodels"": ""6.1"", ""pyfixest"": ""0.40.1"", ""scipy"": ""1.15.1"", ""rdrobust"": ""1.3.0"", ""openpyxl"": ""3.1.5"", ""pyreadstat"": ""1.3.3""}}, ""surface_hash"": ""sha256:ce011d674a7943ee59e47850672f6189b7a5e1cf06059c51e540683af2787be0"", ""design"": {""randomized_experiment"": {""estimator"": ""difference_in_means"", ""estimand"": ""ITT"", ""randomization_unit"": ""individual (account_id)"", ""stratification"": ""none"", ""fe_structure"": [], ""cluster_vars"": [], ""se_type"": ""nonparametric (ranksum/chi2)"", ""sample_filter"": ""exp2_analysis_data (gift.dta source; existing donors dropped via payment_amount1!=.; baseline non-donors with payment_amount2==0 kept since replaced to 0 if missing)"", ""notes"": ""Individual-level randomization with no strata. Table 2 reports treatment vs control means with Wilcoxon rank-sum p-values (continuous) and chi-square p-values (binary). Table A1 reports OLS without FE and without demographic controls (only baseline giving vars).""}}}",1,
149481-V1,149481-V1_infer_012,149481-V1_run_008,infer/test/ttest,specification_tree/modules/inference/tests.md#ttest,G2,0.0004909144870420823,0.003852929877938534,0.898613739511155,-0.007060828073717444,0.008042657047801608,57631,,"{""coefficients"": {""treat_effect"": 0.0004909144870420823}, ""inference"": {""spec_id"": ""infer/test/ttest"", ""params"": {}}, ""software"": {""runner_language"": ""python"", ""runner_version"": ""3.12.7"", ""packages"": {""numpy"": ""2.1.3"", ""pandas"": ""2.2.3"", ""statsmodels"": ""0.14.6"", ""linearmodels"": ""6.1"", ""pyfixest"": ""0.40.1"", ""scipy"": ""1.15.1"", ""rdrobust"": ""1.3.0"", ""openpyxl"": ""3.1.5"", ""pyreadstat"": ""1.3.3""}}, ""surface_hash"": ""sha256:ce011d674a7943ee59e47850672f6189b7a5e1cf06059c51e540683af2787be0"", ""design"": {""randomized_experiment"": {""estimator"": ""difference_in_means"", ""estimand"": ""ITT"", ""randomization_unit"": ""individual (account_id)"", ""stratification"": ""none"", ""fe_structure"": [], ""cluster_vars"": [], ""se_type"": ""nonparametric (ranksum/chi2)"", ""sample_filter"": ""exp2_analysis_data (gift.dta source; existing donors dropped via payment_amount1!=.; baseline non-donors with payment_amount2==0 kept since replaced to 0 if missing)"", ""notes"": ""Individual-level randomization with no strata. Table 2 reports treatment vs control means with Wilcoxon rank-sum p-values (continuous) and chi-square p-values (binary). Table A1 reports OLS without FE and without demographic controls (only baseline giving vars).""}}}",1,
149481-V1,149481-V1_infer_013,149481-V1_run_009,infer/test/ttest,specification_tree/modules/inference/tests.md#ttest,G2,-0.30049890563063286,0.9165753353357957,0.7430265392355591,-2.0969865628887927,1.4959887516275268,57631,,"{""coefficients"": {""treat_effect"": -0.30049890563063286}, ""inference"": {""spec_id"": ""infer/test/ttest"", ""params"": {}}, ""software"": {""runner_language"": ""python"", ""runner_version"": ""3.12.7"", ""packages"": {""numpy"": ""2.1.3"", ""pandas"": ""2.2.3"", ""statsmodels"": ""0.14.6"", ""linearmodels"": ""6.1"", ""pyfixest"": ""0.40.1"", ""scipy"": ""1.15.1"", ""rdrobust"": ""1.3.0"", ""openpyxl"": ""3.1.5"", ""pyreadstat"": ""1.3.3""}}, ""surface_hash"": ""sha256:ce011d674a7943ee59e47850672f6189b7a5e1cf06059c51e540683af2787be0"", ""design"": {""randomized_experiment"": {""estimator"": ""difference_in_means"", ""estimand"": ""ITT"", ""randomization_unit"": ""individual (account_id)"", ""stratification"": ""none"", ""fe_structure"": [], ""cluster_vars"": [], ""se_type"": ""nonparametric (ranksum/chi2)"", ""sample_filter"": ""exp2_analysis_data (gift.dta source; existing donors dropped via payment_amount1!=.; baseline non-donors with payment_amount2==0 kept since replaced to 0 if missing)"", ""notes"": ""Individual-level randomization with no strata. Table 2 reports treatment vs control means with Wilcoxon rank-sum p-values (continuous) and chi-square p-values (binary). Table A1 reports OLS without FE and without demographic controls (only baseline giving vars).""}}}",1,
149481-V1,149481-V1_infer_014,149481-V1_run_010,infer/test/ttest,specification_tree/modules/inference/tests.md#ttest,G2,-0.017139469843666766,0.01752734047762887,0.32814246453130713,-0.05149305717981935,0.017214117492485817,57631,,"{""coefficients"": {""treat_effect"": -0.017139469843666766}, ""inference"": {""spec_id"": ""infer/test/ttest"", ""params"": {}}, ""software"": {""runner_language"": ""python"", ""runner_version"": ""3.12.7"", ""packages"": {""numpy"": ""2.1.3"", ""pandas"": ""2.2.3"", ""statsmodels"": ""0.14.6"", ""linearmodels"": ""6.1"", ""pyfixest"": ""0.40.1"", ""scipy"": ""1.15.1"", ""rdrobust"": ""1.3.0"", ""openpyxl"": ""3.1.5"", ""pyreadstat"": ""1.3.3""}}, ""surface_hash"": ""sha256:ce011d674a7943ee59e47850672f6189b7a5e1cf06059c51e540683af2787be0"", ""design"": {""randomized_experiment"": {""estimator"": ""difference_in_means"", ""estimand"": ""ITT"", ""randomization_unit"": ""individual (account_id)"", ""stratification"": ""none"", ""fe_structure"": [], ""cluster_vars"": [], ""se_type"": ""nonparametric (ranksum/chi2)"", ""sample_filter"": ""exp2_analysis_data (gift.dta source; existing donors dropped via payment_amount1!=.; baseline non-donors with payment_amount2==0 kept since replaced to 0 if missing)"", ""notes"": ""Individual-level randomization with no strata. Table 2 reports treatment vs control means with Wilcoxon rank-sum p-values (continuous) and chi-square p-values (binary). Table A1 reports OLS without FE and without demographic controls (only baseline giving vars).""}}}",1,
149481-V1,149481-V1_infer_015,149481-V1_run_011,infer/test/ttest,specification_tree/modules/inference/tests.md#ttest,G2,-1.1523780212798869,2.58610363970559,0.6558887950045409,-6.221141155102843,3.916385112543069,17862,,"{""coefficients"": {""treat_effect"": -1.1523780212798869}, ""inference"": {""spec_id"": ""infer/test/ttest"", ""params"": {}}, ""software"": {""runner_language"": ""python"", ""runner_version"": ""3.12.7"", ""packages"": {""numpy"": ""2.1.3"", ""pandas"": ""2.2.3"", ""statsmodels"": ""0.14.6"", ""linearmodels"": ""6.1"", ""pyfixest"": ""0.40.1"", ""scipy"": ""1.15.1"", ""rdrobust"": ""1.3.0"", ""openpyxl"": ""3.1.5"", ""pyreadstat"": ""1.3.3""}}, ""surface_hash"": ""sha256:ce011d674a7943ee59e47850672f6189b7a5e1cf06059c51e540683af2787be0"", ""design"": {""randomized_experiment"": {""estimator"": ""difference_in_means"", ""estimand"": ""ITT"", ""randomization_unit"": ""individual (account_id)"", ""stratification"": ""none"", ""fe_structure"": [], ""cluster_vars"": [], ""se_type"": ""nonparametric (ranksum/chi2)"", ""sample_filter"": ""exp2_analysis_data (gift.dta source; existing donors dropped via payment_amount1!=.; baseline non-donors with payment_amount2==0 kept since replaced to 0 if missing)"", ""notes"": ""Individual-level randomization with no strata. Table 2 reports treatment vs control means with Wilcoxon rank-sum p-values (continuous) and chi-square p-values (binary). Table A1 reports OLS without FE and without demographic controls (only baseline giving vars).""}}}",1,
149481-V1,149481-V1_infer_016,149481-V1_run_012,infer/test/ttest,specification_tree/modules/inference/tests.md#ttest,G2,0.0017028365257392153,0.009244865967212069,0.8538629612242544,-0.01641710076999644,0.01982277382147487,57631,,"{""coefficients"": {""treat_effect"": 0.0017028365257392153}, ""inference"": {""spec_id"": ""infer/test/ttest"", ""params"": {}}, ""software"": {""runner_language"": ""python"", ""runner_version"": ""3.12.7"", ""packages"": {""numpy"": ""2.1.3"", ""pandas"": ""2.2.3"", ""statsmodels"": ""0.14.6"", ""linearmodels"": ""6.1"", ""pyfixest"": ""0.40.1"", ""scipy"": ""1.15.1"", ""rdrobust"": ""1.3.0"", ""openpyxl"": ""3.1.5"", ""pyreadstat"": ""1.3.3""}}, ""surface_hash"": ""sha256:ce011d674a7943ee59e47850672f6189b7a5e1cf06059c51e540683af2787be0"", ""design"": {""randomized_experiment"": {""estimator"": ""difference_in_means"", ""estimand"": ""ITT"", ""randomization_unit"": ""individual (account_id)"", ""stratification"": ""none"", ""fe_structure"": [], ""cluster_vars"": [], ""se_type"": ""nonparametric (ranksum/chi2)"", ""sample_filter"": ""exp2_analysis_data (gift.dta source; existing donors dropped via payment_amount1!=.; baseline non-donors with payment_amount2==0 kept since replaced to 0 if missing)"", ""notes"": ""Individual-level randomization with no strata. Table 2 reports treatment vs control means with Wilcoxon rank-sum p-values (continuous) and chi-square p-values (binary). Table A1 reports OLS without FE and without demographic controls (only baseline giving vars).""}}}",1,
