paper_id,spec_run_id,spec_id,spec_tree_path,baseline_group_id,outcome_var,treatment_var,coefficient,std_error,p_value,ci_lower,ci_upper,n_obs,r_squared,coefficient_vector_json,sample_desc,fixed_effects,controls_desc,cluster_var,run_success,run_error
138922-V1,138922-V1__baseline,baseline,specification_tree/designs/difference_in_differences.md#baseline-required,G1,sportsclub,treat,0.008924903120607923,0.018717501440493133,0.6346324357124109,-0.028255114128585203,0.04610492036980105,13333.0,0.027698449311411744,"{""coefficients"": {""treat"": 0.008924903120607923}, ""inference"": {""spec_id"": ""infer/se/cluster/cityno"", ""params"": {""cluster_var"": ""cityno""}}, ""software"": {""runner_language"": ""python"", ""runner_version"": ""3.12.7"", ""packages"": {""pyfixest"": ""0.40.1"", ""pandas"": ""2.2.3"", ""numpy"": ""2.1.3""}}, ""surface_hash"": ""sha256:2c816c335b086168d9fc2e69130b7a95ca0dc823a736f7424cd799da88e53807"", ""design"": {""difference_in_differences"": {""estimator"": ""twfe"", ""treatment_timing"": ""2008/09 cohort onward (C2SC voucher introduced in Saxony school year 2008/09)"", ""estimand"": ""ATT"", ""comparison_groups"": ""Brandenburg and Thuringia serve as control states for treatment state Saxony"", ""panel_unit"": ""repeated_cross_section"", ""panel_time"": ""year_3rd (school examination cohort year, 2006-2010)"", ""fe_structure"": [""year_3rd"", ""bula_3rd"", ""cityno""], ""cluster_vars"": [""cityno""]}}}","3 states (Saxony, Brandenburg, Thuringia), target==1, nonmiss==1, cohorts 2006-2010",year_3rd + bula_3rd + cityno,none,cityno,1,
138922-V1,138922-V1__baseline__sportsclub_col1,baseline__sportsclub_col1,specification_tree/designs/difference_in_differences.md#baseline-required,G1,sportsclub,treat,0.003966947216398978,0.019471284621037126,0.8390119662965665,-0.03470470474290383,0.04263859917570179,13334.0,0.010855333332678518,"{""coefficients"": {""Intercept"": 0.3473861720067448, ""treat"": 0.003966947216398978, ""tbula_3rd"": -0.013137087757660423, ""tcoh"": 0.10956594585697535}, ""inference"": {""spec_id"": ""infer/se/cluster/cityno"", ""params"": {""cluster_var"": ""cityno""}}, ""software"": {""runner_language"": ""python"", ""runner_version"": ""3.12.7"", ""packages"": {""pyfixest"": ""0.40.1"", ""pandas"": ""2.2.3"", ""numpy"": ""2.1.3""}}, ""surface_hash"": ""sha256:2c816c335b086168d9fc2e69130b7a95ca0dc823a736f7424cd799da88e53807"", ""design"": {""difference_in_differences"": {""estimator"": ""twfe"", ""treatment_timing"": ""2008/09 cohort onward (C2SC voucher introduced in Saxony school year 2008/09)"", ""estimand"": ""ATT"", ""comparison_groups"": ""Brandenburg and Thuringia serve as control states for treatment state Saxony"", ""panel_unit"": ""repeated_cross_section"", ""panel_time"": ""year_3rd (school examination cohort year, 2006-2010)"", ""fe_structure"": [""year_3rd"", ""bula_3rd"", ""cityno""], ""cluster_vars"": [""cityno""]}}}","3 states, target==1, nonmiss==1, cohorts 2006-2010",group dummies: tbula_3rd + tcoh,none,cityno,1,
138922-V1,138922-V1__baseline__sportsclub_col2,baseline__sportsclub_col2,specification_tree/designs/difference_in_differences.md#baseline-required,G1,sportsclub,treat,0.002710206006409554,0.019383629219535063,0.8891083862238074,-0.03578735475936315,0.041207766772182255,13334.0,0.017230910995824744,"{""coefficients"": {""treat"": 0.002710206006409554}, ""inference"": {""spec_id"": ""infer/se/cluster/cityno"", ""params"": {""cluster_var"": ""cityno""}}, ""software"": {""runner_language"": ""python"", ""runner_version"": ""3.12.7"", ""packages"": {""pyfixest"": ""0.40.1"", ""pandas"": ""2.2.3"", ""numpy"": ""2.1.3""}}, ""surface_hash"": ""sha256:2c816c335b086168d9fc2e69130b7a95ca0dc823a736f7424cd799da88e53807"", ""design"": {""difference_in_differences"": {""estimator"": ""twfe"", ""treatment_timing"": ""2008/09 cohort onward (C2SC voucher introduced in Saxony school year 2008/09)"", ""estimand"": ""ATT"", ""comparison_groups"": ""Brandenburg and Thuringia serve as control states for treatment state Saxony"", ""panel_unit"": ""repeated_cross_section"", ""panel_time"": ""year_3rd (school examination cohort year, 2006-2010)"", ""fe_structure"": [""year_3rd"", ""bula_3rd"", ""cityno""], ""cluster_vars"": [""cityno""]}}}","3 states, target==1, nonmiss==1, cohorts 2006-2010",year_3rd + bula_3rd,none,cityno,1,
138922-V1,138922-V1__baseline__sport_hrs,baseline__sport_hrs,specification_tree/designs/difference_in_differences.md#baseline-required,G1,sport_hrs,treat,-0.0019247952371849574,0.15970380247229402,0.9904102868195359,-0.31915677994193337,0.3153071894675634,13333.0,0.014819450623265507,"{""coefficients"": {""treat"": -0.0019247952371849574}, ""inference"": {""spec_id"": ""infer/se/cluster/cityno"", ""params"": {""cluster_var"": ""cityno""}}, ""software"": {""runner_language"": ""python"", ""runner_version"": ""3.12.7"", ""packages"": {""pyfixest"": ""0.40.1"", ""pandas"": ""2.2.3"", ""numpy"": ""2.1.3""}}, ""surface_hash"": ""sha256:2c816c335b086168d9fc2e69130b7a95ca0dc823a736f7424cd799da88e53807"", ""design"": {""difference_in_differences"": {""estimator"": ""twfe"", ""treatment_timing"": ""2008/09 cohort onward (C2SC voucher introduced in Saxony school year 2008/09)"", ""estimand"": ""ATT"", ""comparison_groups"": ""Brandenburg and Thuringia serve as control states for treatment state Saxony"", ""panel_unit"": ""repeated_cross_section"", ""panel_time"": ""year_3rd (school examination cohort year, 2006-2010)"", ""fe_structure"": [""year_3rd"", ""bula_3rd"", ""cityno""], ""cluster_vars"": [""cityno""]}}}","3 states, target==1, nonmiss==1, cohorts 2006-2010",year_3rd + bula_3rd + cityno,none,cityno,1,
138922-V1,138922-V1__baseline__oweight,baseline__oweight,specification_tree/designs/difference_in_differences.md#baseline-required,G1,oweight,treat,0.004135461903367386,0.01578394331389251,0.7939102431615785,-0.027217402501987183,0.03548832630872196,13333.0,0.015330468361027139,"{""coefficients"": {""treat"": 0.004135461903367386}, ""inference"": {""spec_id"": ""infer/se/cluster/cityno"", ""params"": {""cluster_var"": ""cityno""}}, ""software"": {""runner_language"": ""python"", ""runner_version"": ""3.12.7"", ""packages"": {""pyfixest"": ""0.40.1"", ""pandas"": ""2.2.3"", ""numpy"": ""2.1.3""}}, ""surface_hash"": ""sha256:2c816c335b086168d9fc2e69130b7a95ca0dc823a736f7424cd799da88e53807"", ""design"": {""difference_in_differences"": {""estimator"": ""twfe"", ""treatment_timing"": ""2008/09 cohort onward (C2SC voucher introduced in Saxony school year 2008/09)"", ""estimand"": ""ATT"", ""comparison_groups"": ""Brandenburg and Thuringia serve as control states for treatment state Saxony"", ""panel_unit"": ""repeated_cross_section"", ""panel_time"": ""year_3rd (school examination cohort year, 2006-2010)"", ""fe_structure"": [""year_3rd"", ""bula_3rd"", ""cityno""], ""cluster_vars"": [""cityno""]}}}","3 states, target==1, nonmiss==1, cohorts 2006-2010",year_3rd + bula_3rd + cityno,none,cityno,1,
138922-V1,138922-V1__baseline__kommheard,baseline__kommheard,specification_tree/designs/difference_in_differences.md#baseline-required,G1,kommheard,treat,0.27602178232455843,0.01441344579357728,0.0,0.2473912428837454,0.3046523217653715,13333.0,0.2242757245643292,"{""coefficients"": {""treat"": 0.27602178232455843}, ""inference"": {""spec_id"": ""infer/se/cluster/cityno"", ""params"": {""cluster_var"": ""cityno""}}, ""software"": {""runner_language"": ""python"", ""runner_version"": ""3.12.7"", ""packages"": {""pyfixest"": ""0.40.1"", ""pandas"": ""2.2.3"", ""numpy"": ""2.1.3""}}, ""surface_hash"": ""sha256:2c816c335b086168d9fc2e69130b7a95ca0dc823a736f7424cd799da88e53807"", ""design"": {""difference_in_differences"": {""estimator"": ""twfe"", ""treatment_timing"": ""2008/09 cohort onward (C2SC voucher introduced in Saxony school year 2008/09)"", ""estimand"": ""ATT"", ""comparison_groups"": ""Brandenburg and Thuringia serve as control states for treatment state Saxony"", ""panel_unit"": ""repeated_cross_section"", ""panel_time"": ""year_3rd (school examination cohort year, 2006-2010)"", ""fe_structure"": [""year_3rd"", ""bula_3rd"", ""cityno""], ""cluster_vars"": [""cityno""]}}}","3 states, target==1, nonmiss==1, cohorts 2006-2010",year_3rd + bula_3rd + cityno,none,cityno,1,
138922-V1,138922-V1__baseline__kommgotten,baseline__kommgotten,specification_tree/designs/difference_in_differences.md#baseline-required,G1,kommgotten,treat,0.2020145244164965,0.011090372723101085,0.0,0.17998486140534112,0.2240441874276519,13333.0,0.1639305900745156,"{""coefficients"": {""treat"": 0.2020145244164965}, ""inference"": {""spec_id"": ""infer/se/cluster/cityno"", ""params"": {""cluster_var"": ""cityno""}}, ""software"": {""runner_language"": ""python"", ""runner_version"": ""3.12.7"", ""packages"": {""pyfixest"": ""0.40.1"", ""pandas"": ""2.2.3"", ""numpy"": ""2.1.3""}}, ""surface_hash"": ""sha256:2c816c335b086168d9fc2e69130b7a95ca0dc823a736f7424cd799da88e53807"", ""design"": {""difference_in_differences"": {""estimator"": ""twfe"", ""treatment_timing"": ""2008/09 cohort onward (C2SC voucher introduced in Saxony school year 2008/09)"", ""estimand"": ""ATT"", ""comparison_groups"": ""Brandenburg and Thuringia serve as control states for treatment state Saxony"", ""panel_unit"": ""repeated_cross_section"", ""panel_time"": ""year_3rd (school examination cohort year, 2006-2010)"", ""fe_structure"": [""year_3rd"", ""bula_3rd"", ""cityno""], ""cluster_vars"": [""cityno""]}}}","3 states, target==1, nonmiss==1, cohorts 2006-2010",year_3rd + bula_3rd + cityno,none,cityno,1,
138922-V1,138922-V1__baseline__kommused,baseline__kommused,specification_tree/designs/difference_in_differences.md#baseline-required,G1,kommused,treat,0.12179787867435465,0.006048927732877429,0.0,0.10978242681703773,0.13381333053167158,13333.0,0.09943882445294261,"{""coefficients"": {""treat"": 0.12179787867435465}, ""inference"": {""spec_id"": ""infer/se/cluster/cityno"", ""params"": {""cluster_var"": ""cityno""}}, ""software"": {""runner_language"": ""python"", ""runner_version"": ""3.12.7"", ""packages"": {""pyfixest"": ""0.40.1"", ""pandas"": ""2.2.3"", ""numpy"": ""2.1.3""}}, ""surface_hash"": ""sha256:2c816c335b086168d9fc2e69130b7a95ca0dc823a736f7424cd799da88e53807"", ""design"": {""difference_in_differences"": {""estimator"": ""twfe"", ""treatment_timing"": ""2008/09 cohort onward (C2SC voucher introduced in Saxony school year 2008/09)"", ""estimand"": ""ATT"", ""comparison_groups"": ""Brandenburg and Thuringia serve as control states for treatment state Saxony"", ""panel_unit"": ""repeated_cross_section"", ""panel_time"": ""year_3rd (school examination cohort year, 2006-2010)"", ""fe_structure"": [""year_3rd"", ""bula_3rd"", ""cityno""], ""cluster_vars"": [""cityno""]}}}","3 states, target==1, nonmiss==1, cohorts 2006-2010",year_3rd + bula_3rd + cityno,none,cityno,1,
138922-V1,138922-V1__rc_controls_sets_full,rc/controls/sets/full,specification_tree/modules/robustness/controls.md#sets,G1,sportsclub,treat,0.024237593559065,0.01868765729750455,0.19791552097761156,-0.012883141966302403,0.06135832908443241,12113.0,0.12047915600834003,"{""coefficients"": {""treat"": 0.024237593559065, ""female"": -0.06675024979840154, ""siblings"": 0.027346138508720187, ""born_germany"": -0.0681407148416971, ""parent_nongermany"": -0.047834693056160206, ""newspaper"": 0.04745838858821865, ""art_at_home"": 0.010220924409898042, ""academictrack"": 0.10656390997414979, ""sportsclub_4_7"": 0.2528175222547333, ""music_4_7"": 0.018705770016217694}, ""inference"": {""spec_id"": ""infer/se/cluster/cityno"", ""params"": {""cluster_var"": ""cityno""}}, ""software"": {""runner_language"": ""python"", ""runner_version"": ""3.12.7"", ""packages"": {""pyfixest"": ""0.40.1"", ""pandas"": ""2.2.3"", ""numpy"": ""2.1.3""}}, ""surface_hash"": ""sha256:2c816c335b086168d9fc2e69130b7a95ca0dc823a736f7424cd799da88e53807"", ""design"": {""difference_in_differences"": {""estimator"": ""twfe"", ""treatment_timing"": ""2008/09 cohort onward (C2SC voucher introduced in Saxony school year 2008/09)"", ""estimand"": ""ATT"", ""comparison_groups"": ""Brandenburg and Thuringia serve as control states for treatment state Saxony"", ""panel_unit"": ""repeated_cross_section"", ""panel_time"": ""year_3rd (school examination cohort year, 2006-2010)"", ""fe_structure"": [""year_3rd"", ""bula_3rd"", ""cityno""], ""cluster_vars"": [""cityno""]}}, ""controls"": {""spec_id"": ""rc/controls/sets/full"", ""family"": ""sets"", ""n_controls"": 9, ""controls"": [""female"", ""siblings"", ""born_germany"", ""parent_nongermany"", ""newspaper"", ""art_at_home"", ""academictrack"", ""sportsclub_4_7"", ""music_4_7""]}}","3 states, target==1, nonmiss==1, cohorts 2006-2010",year_3rd + bula_3rd + cityno,"full (all 9): female, siblings, born_germany, parent_nongermany, newspaper, art_at_home, academictrack, sportsclub_4_7, music_4_7",cityno,1,
138922-V1,138922-V1__rc_controls_loo_drop_female,rc/controls/loo/drop_female,specification_tree/modules/robustness/controls.md#loo,G1,sportsclub,treat,0.023142374974075855,0.01898086607762761,0.2259011803113291,-0.014560783773602953,0.06084553372175466,12116.0,0.11606136277545409,"{""coefficients"": {""treat"": 0.023142374974075855, ""siblings"": 0.027168035544791986, ""born_germany"": -0.06990845104361441, ""parent_nongermany"": -0.047086722553437925, ""newspaper"": 0.04603949060015386, ""art_at_home"": 0.010678511674059775, ""academictrack"": 0.1050062098766614, ""sportsclub_4_7"": 0.2524558874581892, ""music_4_7"": 0.012009044802706807}, ""inference"": {""spec_id"": ""infer/se/cluster/cityno"", ""params"": {""cluster_var"": ""cityno""}}, ""software"": {""runner_language"": ""python"", ""runner_version"": ""3.12.7"", ""packages"": {""pyfixest"": ""0.40.1"", ""pandas"": ""2.2.3"", ""numpy"": ""2.1.3""}}, ""surface_hash"": ""sha256:2c816c335b086168d9fc2e69130b7a95ca0dc823a736f7424cd799da88e53807"", ""design"": {""difference_in_differences"": {""estimator"": ""twfe"", ""treatment_timing"": ""2008/09 cohort onward (C2SC voucher introduced in Saxony school year 2008/09)"", ""estimand"": ""ATT"", ""comparison_groups"": ""Brandenburg and Thuringia serve as control states for treatment state Saxony"", ""panel_unit"": ""repeated_cross_section"", ""panel_time"": ""year_3rd (school examination cohort year, 2006-2010)"", ""fe_structure"": [""year_3rd"", ""bula_3rd"", ""cityno""], ""cluster_vars"": [""cityno""]}}, ""controls"": {""spec_id"": ""rc/controls/loo/drop_female"", ""family"": ""loo"", ""dropped"": [""female""], ""n_controls"": 8}}","3 states, target==1, nonmiss==1, cohorts 2006-2010",year_3rd + bula_3rd + cityno,"LOO drop female: siblings, born_germany, parent_nongermany, newspaper, art_at_home, academictrack, sportsclub_4_7, music_4_7",cityno,1,
138922-V1,138922-V1__rc_controls_loo_drop_siblings,rc/controls/loo/drop_siblings,specification_tree/modules/robustness/controls.md#loo,G1,sportsclub,treat,0.022379291489918577,0.018839991583425832,0.23797931646837456,-0.015044037380837535,0.059802620360674685,12226.0,0.1202408995927664,"{""coefficients"": {""treat"": 0.022379291489918577, ""female"": -0.06767875941502037, ""born_germany"": -0.0677744007659327, ""parent_nongermany"": -0.0464961707554531, ""newspaper"": 0.048683926278410485, ""art_at_home"": 0.00936623255111661, ""academictrack"": 0.1072161916674241, ""sportsclub_4_7"": 0.25294541801172354, ""music_4_7"": 0.019522354458314153}, ""inference"": {""spec_id"": ""infer/se/cluster/cityno"", ""params"": {""cluster_var"": ""cityno""}}, ""software"": {""runner_language"": ""python"", ""runner_version"": ""3.12.7"", ""packages"": {""pyfixest"": ""0.40.1"", ""pandas"": ""2.2.3"", ""numpy"": ""2.1.3""}}, ""surface_hash"": ""sha256:2c816c335b086168d9fc2e69130b7a95ca0dc823a736f7424cd799da88e53807"", ""design"": {""difference_in_differences"": {""estimator"": ""twfe"", ""treatment_timing"": ""2008/09 cohort onward (C2SC voucher introduced in Saxony school year 2008/09)"", ""estimand"": ""ATT"", ""comparison_groups"": ""Brandenburg and Thuringia serve as control states for treatment state Saxony"", ""panel_unit"": ""repeated_cross_section"", ""panel_time"": ""year_3rd (school examination cohort year, 2006-2010)"", ""fe_structure"": [""year_3rd"", ""bula_3rd"", ""cityno""], ""cluster_vars"": [""cityno""]}}, ""controls"": {""spec_id"": ""rc/controls/loo/drop_siblings"", ""family"": ""loo"", ""dropped"": [""siblings""], ""n_controls"": 8}}","3 states, target==1, nonmiss==1, cohorts 2006-2010",year_3rd + bula_3rd + cityno,"LOO drop siblings: female, born_germany, parent_nongermany, newspaper, art_at_home, academictrack, sportsclub_4_7, music_4_7",cityno,1,
138922-V1,138922-V1__rc_controls_loo_drop_born_germany,rc/controls/loo/drop_born_germany,specification_tree/modules/robustness/controls.md#loo,G1,sportsclub,treat,0.026096113463892786,0.018664815999235307,0.165468071444695,-0.010979250628415333,0.06317147755620091,12146.0,0.11983073558859725,"{""coefficients"": {""treat"": 0.026096113463892786, ""female"": -0.0662487352432474, ""siblings"": 0.0280238540695394, ""parent_nongermany"": -0.032891056705691514, ""newspaper"": 0.04822865985827582, ""art_at_home"": 0.008660085468421225, ""academictrack"": 0.10604493403348932, ""sportsclub_4_7"": 0.25182964898954996, ""music_4_7"": 0.017301380966963025}, ""inference"": {""spec_id"": ""infer/se/cluster/cityno"", ""params"": {""cluster_var"": ""cityno""}}, ""software"": {""runner_language"": ""python"", ""runner_version"": ""3.12.7"", ""packages"": {""pyfixest"": ""0.40.1"", ""pandas"": ""2.2.3"", ""numpy"": ""2.1.3""}}, ""surface_hash"": ""sha256:2c816c335b086168d9fc2e69130b7a95ca0dc823a736f7424cd799da88e53807"", ""design"": {""difference_in_differences"": {""estimator"": ""twfe"", ""treatment_timing"": ""2008/09 cohort onward (C2SC voucher introduced in Saxony school year 2008/09)"", ""estimand"": ""ATT"", ""comparison_groups"": ""Brandenburg and Thuringia serve as control states for treatment state Saxony"", ""panel_unit"": ""repeated_cross_section"", ""panel_time"": ""year_3rd (school examination cohort year, 2006-2010)"", ""fe_structure"": [""year_3rd"", ""bula_3rd"", ""cityno""], ""cluster_vars"": [""cityno""]}}, ""controls"": {""spec_id"": ""rc/controls/loo/drop_born_germany"", ""family"": ""loo"", ""dropped"": [""born_germany""], ""n_controls"": 8}}","3 states, target==1, nonmiss==1, cohorts 2006-2010",year_3rd + bula_3rd + cityno,"LOO drop born_germany: female, siblings, parent_nongermany, newspaper, art_at_home, academictrack, sportsclub_4_7, music_4_7",cityno,1,
138922-V1,138922-V1__rc_controls_loo_drop_parent_nongermany,rc/controls/loo/drop_parent_nongermany,specification_tree/modules/robustness/controls.md#loo,G1,sportsclub,treat,0.02360198183236603,0.018912343340425325,0.21524475816440836,-0.01396506491557592,0.06116902858030798,12151.0,0.11957562960713819,"{""coefficients"": {""treat"": 0.02360198183236603, ""female"": -0.06599772686333658, ""siblings"": 0.02647809277026321, ""born_germany"": -0.029514438208140457, ""newspaper"": 0.04953610064017031, ""art_at_home"": 0.009401194248627944, ""academictrack"": 0.10797743502680453, ""sportsclub_4_7"": 0.2539658562501982, ""music_4_7"": 0.018875154233702923}, ""inference"": {""spec_id"": ""infer/se/cluster/cityno"", ""params"": {""cluster_var"": ""cityno""}}, ""software"": {""runner_language"": ""python"", ""runner_version"": ""3.12.7"", ""packages"": {""pyfixest"": ""0.40.1"", ""pandas"": ""2.2.3"", ""numpy"": ""2.1.3""}}, ""surface_hash"": ""sha256:2c816c335b086168d9fc2e69130b7a95ca0dc823a736f7424cd799da88e53807"", ""design"": {""difference_in_differences"": {""estimator"": ""twfe"", ""treatment_timing"": ""2008/09 cohort onward (C2SC voucher introduced in Saxony school year 2008/09)"", ""estimand"": ""ATT"", ""comparison_groups"": ""Brandenburg and Thuringia serve as control states for treatment state Saxony"", ""panel_unit"": ""repeated_cross_section"", ""panel_time"": ""year_3rd (school examination cohort year, 2006-2010)"", ""fe_structure"": [""year_3rd"", ""bula_3rd"", ""cityno""], ""cluster_vars"": [""cityno""]}}, ""controls"": {""spec_id"": ""rc/controls/loo/drop_parent_nongermany"", ""family"": ""loo"", ""dropped"": [""parent_nongermany""], ""n_controls"": 8}}","3 states, target==1, nonmiss==1, cohorts 2006-2010",year_3rd + bula_3rd + cityno,"LOO drop parent_nongermany: female, siblings, born_germany, newspaper, art_at_home, academictrack, sportsclub_4_7, music_4_7",cityno,1,
138922-V1,138922-V1__rc_controls_loo_drop_newspaper,rc/controls/loo/drop_newspaper,specification_tree/modules/robustness/controls.md#loo,G1,sportsclub,treat,0.023889268398571722,0.018493634360556125,0.19971275107417474,-0.012846064397408125,0.06062460119455157,12135.0,0.11782891915325899,"{""coefficients"": {""treat"": 0.023889268398571722, ""female"": -0.06550096684707937, ""siblings"": 0.027604365326741768, ""born_germany"": -0.06599934795019888, ""parent_nongermany"": -0.05176109463347658, ""art_at_home"": 0.01788904080358514, ""academictrack"": 0.1084212568851216, ""sportsclub_4_7"": 0.25385402964901616, ""music_4_7"": 0.01969182420170191}, ""inference"": {""spec_id"": ""infer/se/cluster/cityno"", ""params"": {""cluster_var"": ""cityno""}}, ""software"": {""runner_language"": ""python"", ""runner_version"": ""3.12.7"", ""packages"": {""pyfixest"": ""0.40.1"", ""pandas"": ""2.2.3"", ""numpy"": ""2.1.3""}}, ""surface_hash"": ""sha256:2c816c335b086168d9fc2e69130b7a95ca0dc823a736f7424cd799da88e53807"", ""design"": {""difference_in_differences"": {""estimator"": ""twfe"", ""treatment_timing"": ""2008/09 cohort onward (C2SC voucher introduced in Saxony school year 2008/09)"", ""estimand"": ""ATT"", ""comparison_groups"": ""Brandenburg and Thuringia serve as control states for treatment state Saxony"", ""panel_unit"": ""repeated_cross_section"", ""panel_time"": ""year_3rd (school examination cohort year, 2006-2010)"", ""fe_structure"": [""year_3rd"", ""bula_3rd"", ""cityno""], ""cluster_vars"": [""cityno""]}}, ""controls"": {""spec_id"": ""rc/controls/loo/drop_newspaper"", ""family"": ""loo"", ""dropped"": [""newspaper""], ""n_controls"": 8}}","3 states, target==1, nonmiss==1, cohorts 2006-2010",year_3rd + bula_3rd + cityno,"LOO drop newspaper: female, siblings, born_germany, parent_nongermany, art_at_home, academictrack, sportsclub_4_7, music_4_7",cityno,1,
138922-V1,138922-V1__rc_controls_loo_drop_art_at_home,rc/controls/loo/drop_art_at_home,specification_tree/modules/robustness/controls.md#loo,G1,sportsclub,treat,0.024358367350734465,0.01880693474509486,0.19853433515864394,-0.012999298171563697,0.06171603287303262,12122.0,0.1203422352706881,"{""coefficients"": {""treat"": 0.024358367350734465, ""female"": -0.06675239071531293, ""siblings"": 0.02729261428901595, ""born_germany"": -0.06774718261617714, ""parent_nongermany"": -0.04768058063964741, ""newspaper"": 0.048489666388426805, ""academictrack"": 0.10715557765287285, ""sportsclub_4_7"": 0.2532060226201761, ""music_4_7"": 0.01967410473897604}, ""inference"": {""spec_id"": ""infer/se/cluster/cityno"", ""params"": {""cluster_var"": ""cityno""}}, ""software"": {""runner_language"": ""python"", ""runner_version"": ""3.12.7"", ""packages"": {""pyfixest"": ""0.40.1"", ""pandas"": ""2.2.3"", ""numpy"": ""2.1.3""}}, ""surface_hash"": ""sha256:2c816c335b086168d9fc2e69130b7a95ca0dc823a736f7424cd799da88e53807"", ""design"": {""difference_in_differences"": {""estimator"": ""twfe"", ""treatment_timing"": ""2008/09 cohort onward (C2SC voucher introduced in Saxony school year 2008/09)"", ""estimand"": ""ATT"", ""comparison_groups"": ""Brandenburg and Thuringia serve as control states for treatment state Saxony"", ""panel_unit"": ""repeated_cross_section"", ""panel_time"": ""year_3rd (school examination cohort year, 2006-2010)"", ""fe_structure"": [""year_3rd"", ""bula_3rd"", ""cityno""], ""cluster_vars"": [""cityno""]}}, ""controls"": {""spec_id"": ""rc/controls/loo/drop_art_at_home"", ""family"": ""loo"", ""dropped"": [""art_at_home""], ""n_controls"": 8}}","3 states, target==1, nonmiss==1, cohorts 2006-2010",year_3rd + bula_3rd + cityno,"LOO drop art_at_home: female, siblings, born_germany, parent_nongermany, newspaper, academictrack, sportsclub_4_7, music_4_7",cityno,1,
138922-V1,138922-V1__rc_controls_loo_drop_academictrack,rc/controls/loo/drop_academictrack,specification_tree/modules/robustness/controls.md#loo,G1,sportsclub,treat,0.02418074377357636,0.01808748153861593,0.18459526718303754,-0.011747816335698831,0.06010930388285155,12174.0,0.11170548365752575,"{""coefficients"": {""treat"": 0.02418074377357636, ""female"": -0.0659536706973891, ""siblings"": 0.026956390472982903, ""born_germany"": -0.06615975321758322, ""parent_nongermany"": -0.04980477629879582, ""newspaper"": 0.05120833549922533, ""art_at_home"": 0.022565552162012593, ""sportsclub_4_7"": 0.2635233199861324, ""music_4_7"": 0.030981994490896506}, ""inference"": {""spec_id"": ""infer/se/cluster/cityno"", ""params"": {""cluster_var"": ""cityno""}}, ""software"": {""runner_language"": ""python"", ""runner_version"": ""3.12.7"", ""packages"": {""pyfixest"": ""0.40.1"", ""pandas"": ""2.2.3"", ""numpy"": ""2.1.3""}}, ""surface_hash"": ""sha256:2c816c335b086168d9fc2e69130b7a95ca0dc823a736f7424cd799da88e53807"", ""design"": {""difference_in_differences"": {""estimator"": ""twfe"", ""treatment_timing"": ""2008/09 cohort onward (C2SC voucher introduced in Saxony school year 2008/09)"", ""estimand"": ""ATT"", ""comparison_groups"": ""Brandenburg and Thuringia serve as control states for treatment state Saxony"", ""panel_unit"": ""repeated_cross_section"", ""panel_time"": ""year_3rd (school examination cohort year, 2006-2010)"", ""fe_structure"": [""year_3rd"", ""bula_3rd"", ""cityno""], ""cluster_vars"": [""cityno""]}}, ""controls"": {""spec_id"": ""rc/controls/loo/drop_academictrack"", ""family"": ""loo"", ""dropped"": [""academictrack""], ""n_controls"": 8}}","3 states, target==1, nonmiss==1, cohorts 2006-2010",year_3rd + bula_3rd + cityno,"LOO drop academictrack: female, siblings, born_germany, parent_nongermany, newspaper, art_at_home, sportsclub_4_7, music_4_7",cityno,1,
138922-V1,138922-V1__rc_controls_loo_drop_sportsclub_4_7,rc/controls/loo/drop_sportsclub_4_7,specification_tree/modules/robustness/controls.md#loo,G1,sportsclub,treat,0.02021592015377953,0.01910092858084351,0.29268646779692964,-0.017725728007389648,0.058157568314948706,12113.0,0.05841710855831761,"{""coefficients"": {""treat"": 0.02021592015377953, ""female"": -0.06589163182594641, ""siblings"": 0.027484903043626743, ""born_germany"": -0.04862572842537968, ""parent_nongermany"": -0.07086676068983044, ""newspaper"": 0.05637936815765716, ""art_at_home"": 0.021252911172207404, ""academictrack"": 0.13455290516784074, ""music_4_7"": 0.03170414895167612}, ""inference"": {""spec_id"": ""infer/se/cluster/cityno"", ""params"": {""cluster_var"": ""cityno""}}, ""software"": {""runner_language"": ""python"", ""runner_version"": ""3.12.7"", ""packages"": {""pyfixest"": ""0.40.1"", ""pandas"": ""2.2.3"", ""numpy"": ""2.1.3""}}, ""surface_hash"": ""sha256:2c816c335b086168d9fc2e69130b7a95ca0dc823a736f7424cd799da88e53807"", ""design"": {""difference_in_differences"": {""estimator"": ""twfe"", ""treatment_timing"": ""2008/09 cohort onward (C2SC voucher introduced in Saxony school year 2008/09)"", ""estimand"": ""ATT"", ""comparison_groups"": ""Brandenburg and Thuringia serve as control states for treatment state Saxony"", ""panel_unit"": ""repeated_cross_section"", ""panel_time"": ""year_3rd (school examination cohort year, 2006-2010)"", ""fe_structure"": [""year_3rd"", ""bula_3rd"", ""cityno""], ""cluster_vars"": [""cityno""]}}, ""controls"": {""spec_id"": ""rc/controls/loo/drop_sportsclub_4_7"", ""family"": ""loo"", ""dropped"": [""sportsclub_4_7""], ""n_controls"": 8}}","3 states, target==1, nonmiss==1, cohorts 2006-2010",year_3rd + bula_3rd + cityno,"LOO drop sportsclub_4_7: female, siblings, born_germany, parent_nongermany, newspaper, art_at_home, academictrack, music_4_7",cityno,1,
138922-V1,138922-V1__rc_controls_loo_drop_music_4_7,rc/controls/loo/drop_music_4_7,specification_tree/modules/robustness/controls.md#loo,G1,sportsclub,treat,0.024500132014197967,0.01872228824975128,0.19396261050367758,-0.0126893936435481,0.06168965767194404,12113.0,0.12014914969045598,"{""coefficients"": {""treat"": 0.024500132014197967, ""female"": -0.06489848674288191, ""siblings"": 0.027954299002218585, ""born_germany"": -0.06618232667486948, ""parent_nongermany"": -0.048386528072402964, ""newspaper"": 0.047811555641912425, ""art_at_home"": 0.012503215181262897, ""academictrack"": 0.10917295524496701, ""sportsclub_4_7"": 0.2537516729238235}, ""inference"": {""spec_id"": ""infer/se/cluster/cityno"", ""params"": {""cluster_var"": ""cityno""}}, ""software"": {""runner_language"": ""python"", ""runner_version"": ""3.12.7"", ""packages"": {""pyfixest"": ""0.40.1"", ""pandas"": ""2.2.3"", ""numpy"": ""2.1.3""}}, ""surface_hash"": ""sha256:2c816c335b086168d9fc2e69130b7a95ca0dc823a736f7424cd799da88e53807"", ""design"": {""difference_in_differences"": {""estimator"": ""twfe"", ""treatment_timing"": ""2008/09 cohort onward (C2SC voucher introduced in Saxony school year 2008/09)"", ""estimand"": ""ATT"", ""comparison_groups"": ""Brandenburg and Thuringia serve as control states for treatment state Saxony"", ""panel_unit"": ""repeated_cross_section"", ""panel_time"": ""year_3rd (school examination cohort year, 2006-2010)"", ""fe_structure"": [""year_3rd"", ""bula_3rd"", ""cityno""], ""cluster_vars"": [""cityno""]}}, ""controls"": {""spec_id"": ""rc/controls/loo/drop_music_4_7"", ""family"": ""loo"", ""dropped"": [""music_4_7""], ""n_controls"": 8}}","3 states, target==1, nonmiss==1, cohorts 2006-2010",year_3rd + bula_3rd + cityno,"LOO drop music_4_7: female, siblings, born_germany, parent_nongermany, newspaper, art_at_home, academictrack, sportsclub_4_7",cityno,1,
138922-V1,138922-V1__rc_controls_progression_bivariate,rc/controls/progression/bivariate,specification_tree/modules/robustness/controls.md#progression,G1,sportsclub,treat,0.008924903120607923,0.018717501440493133,0.6346324357124109,-0.028255114128585203,0.04610492036980105,13333.0,0.027698449311411744,"{""coefficients"": {""treat"": 0.008924903120607923}, ""inference"": {""spec_id"": ""infer/se/cluster/cityno"", ""params"": {""cluster_var"": ""cityno""}}, ""software"": {""runner_language"": ""python"", ""runner_version"": ""3.12.7"", ""packages"": {""pyfixest"": ""0.40.1"", ""pandas"": ""2.2.3"", ""numpy"": ""2.1.3""}}, ""surface_hash"": ""sha256:2c816c335b086168d9fc2e69130b7a95ca0dc823a736f7424cd799da88e53807"", ""design"": {""difference_in_differences"": {""estimator"": ""twfe"", ""treatment_timing"": ""2008/09 cohort onward (C2SC voucher introduced in Saxony school year 2008/09)"", ""estimand"": ""ATT"", ""comparison_groups"": ""Brandenburg and Thuringia serve as control states for treatment state Saxony"", ""panel_unit"": ""repeated_cross_section"", ""panel_time"": ""year_3rd (school examination cohort year, 2006-2010)"", ""fe_structure"": [""year_3rd"", ""bula_3rd"", ""cityno""], ""cluster_vars"": [""cityno""]}}, ""controls"": {""spec_id"": ""rc/controls/progression/bivariate"", ""family"": ""progression"", ""stage"": ""bivariate"", ""n_controls"": 0, ""controls"": []}}","3 states, target==1, nonmiss==1, cohorts 2006-2010",year_3rd + bula_3rd + cityno,progression/bivariate: none,cityno,1,
138922-V1,138922-V1__rc_controls_progression_demographics,rc/controls/progression/demographics,specification_tree/modules/robustness/controls.md#progression,G1,sportsclub,treat,0.01302759698035084,0.017904934700564853,0.4687275377379816,-0.022538356260208343,0.04859355022091002,13074.0,0.03487849744189997,"{""coefficients"": {""treat"": 0.01302759698035084, ""female"": -0.05789961941226012, ""siblings"": 0.02890181530680038, ""born_germany"": -0.03854297151371572, ""parent_nongermany"": -0.09180666920056259}, ""inference"": {""spec_id"": ""infer/se/cluster/cityno"", ""params"": {""cluster_var"": ""cityno""}}, ""software"": {""runner_language"": ""python"", ""runner_version"": ""3.12.7"", ""packages"": {""pyfixest"": ""0.40.1"", ""pandas"": ""2.2.3"", ""numpy"": ""2.1.3""}}, ""surface_hash"": ""sha256:2c816c335b086168d9fc2e69130b7a95ca0dc823a736f7424cd799da88e53807"", ""design"": {""difference_in_differences"": {""estimator"": ""twfe"", ""treatment_timing"": ""2008/09 cohort onward (C2SC voucher introduced in Saxony school year 2008/09)"", ""estimand"": ""ATT"", ""comparison_groups"": ""Brandenburg and Thuringia serve as control states for treatment state Saxony"", ""panel_unit"": ""repeated_cross_section"", ""panel_time"": ""year_3rd (school examination cohort year, 2006-2010)"", ""fe_structure"": [""year_3rd"", ""bula_3rd"", ""cityno""], ""cluster_vars"": [""cityno""]}}, ""controls"": {""spec_id"": ""rc/controls/progression/demographics"", ""family"": ""progression"", ""stage"": ""demographics"", ""n_controls"": 4, ""controls"": [""female"", ""siblings"", ""born_germany"", ""parent_nongermany""]}}","3 states, target==1, nonmiss==1, cohorts 2006-2010",year_3rd + bula_3rd + cityno,"progression/demographics: female, siblings, born_germany, parent_nongermany",cityno,1,
138922-V1,138922-V1__rc_controls_progression_socioeconomic,rc/controls/progression/socioeconomic,specification_tree/modules/robustness/controls.md#progression,G1,sportsclub,treat,0.014144502390323863,0.018400125002894206,0.44405138353349893,-0.02240508555387199,0.050694090334519715,12926.0,0.05888728659739362,"{""coefficients"": {""treat"": 0.014144502390323863, ""female"": -0.06418267487048307, ""siblings"": 0.026900338077828663, ""born_germany"": -0.05906115160102341, ""parent_nongermany"": -0.07899372199946494, ""newspaper"": 0.059411640703650216, ""art_at_home"": 0.02824071745234599, ""academictrack"": 0.14298824362691304}, ""inference"": {""spec_id"": ""infer/se/cluster/cityno"", ""params"": {""cluster_var"": ""cityno""}}, ""software"": {""runner_language"": ""python"", ""runner_version"": ""3.12.7"", ""packages"": {""pyfixest"": ""0.40.1"", ""pandas"": ""2.2.3"", ""numpy"": ""2.1.3""}}, ""surface_hash"": ""sha256:2c816c335b086168d9fc2e69130b7a95ca0dc823a736f7424cd799da88e53807"", ""design"": {""difference_in_differences"": {""estimator"": ""twfe"", ""treatment_timing"": ""2008/09 cohort onward (C2SC voucher introduced in Saxony school year 2008/09)"", ""estimand"": ""ATT"", ""comparison_groups"": ""Brandenburg and Thuringia serve as control states for treatment state Saxony"", ""panel_unit"": ""repeated_cross_section"", ""panel_time"": ""year_3rd (school examination cohort year, 2006-2010)"", ""fe_structure"": [""year_3rd"", ""bula_3rd"", ""cityno""], ""cluster_vars"": [""cityno""]}}, ""controls"": {""spec_id"": ""rc/controls/progression/socioeconomic"", ""family"": ""progression"", ""stage"": ""socioeconomic"", ""n_controls"": 7, ""controls"": [""female"", ""siblings"", ""born_germany"", ""parent_nongermany"", ""newspaper"", ""art_at_home"", ""academictrack""]}}","3 states, target==1, nonmiss==1, cohorts 2006-2010",year_3rd + bula_3rd + cityno,"progression/socioeconomic: female, siblings, born_germany, parent_nongermany, newspaper, art_at_home, academictrack",cityno,1,
138922-V1,138922-V1__rc_controls_progression_full,rc/controls/progression/full,specification_tree/modules/robustness/controls.md#progression,G1,sportsclub,treat,0.024237593559065,0.01868765729750455,0.19791552097761156,-0.012883141966302403,0.06135832908443241,12113.0,0.12047915600834003,"{""coefficients"": {""treat"": 0.024237593559065, ""female"": -0.06675024979840154, ""siblings"": 0.027346138508720187, ""born_germany"": -0.0681407148416971, ""parent_nongermany"": -0.047834693056160206, ""newspaper"": 0.04745838858821865, ""art_at_home"": 0.010220924409898042, ""academictrack"": 0.10656390997414979, ""sportsclub_4_7"": 0.2528175222547333, ""music_4_7"": 0.018705770016217694}, ""inference"": {""spec_id"": ""infer/se/cluster/cityno"", ""params"": {""cluster_var"": ""cityno""}}, ""software"": {""runner_language"": ""python"", ""runner_version"": ""3.12.7"", ""packages"": {""pyfixest"": ""0.40.1"", ""pandas"": ""2.2.3"", ""numpy"": ""2.1.3""}}, ""surface_hash"": ""sha256:2c816c335b086168d9fc2e69130b7a95ca0dc823a736f7424cd799da88e53807"", ""design"": {""difference_in_differences"": {""estimator"": ""twfe"", ""treatment_timing"": ""2008/09 cohort onward (C2SC voucher introduced in Saxony school year 2008/09)"", ""estimand"": ""ATT"", ""comparison_groups"": ""Brandenburg and Thuringia serve as control states for treatment state Saxony"", ""panel_unit"": ""repeated_cross_section"", ""panel_time"": ""year_3rd (school examination cohort year, 2006-2010)"", ""fe_structure"": [""year_3rd"", ""bula_3rd"", ""cityno""], ""cluster_vars"": [""cityno""]}}, ""controls"": {""spec_id"": ""rc/controls/progression/full"", ""family"": ""progression"", ""stage"": ""full"", ""n_controls"": 9, ""controls"": [""female"", ""siblings"", ""born_germany"", ""parent_nongermany"", ""newspaper"", ""art_at_home"", ""academictrack"", ""sportsclub_4_7"", ""music_4_7""]}}","3 states, target==1, nonmiss==1, cohorts 2006-2010",year_3rd + bula_3rd + cityno,"progression/full: female, siblings, born_germany, parent_nongermany, newspaper, art_at_home, academictrack, sportsclub_4_7, music_4_7",cityno,1,
138922-V1,138922-V1__rc_controls_subset_random_001,rc/controls/subset/random_001,specification_tree/modules/robustness/controls.md#subset,G1,sportsclub,treat,0.017485310222858656,0.019358512420575912,0.36878530209318816,-0.020967996592902393,0.0559386170386197,12276.0,0.05609179736927372,"{""coefficients"": {""treat"": 0.017485310222858656, ""newspaper"": 0.06261709632166931, ""academictrack"": 0.13858292398435615, ""female"": -0.06657551812271681, ""born_germany"": 0.010164762576315094, ""music_4_7"": 0.034467454531429305}, ""inference"": {""spec_id"": ""infer/se/cluster/cityno"", ""params"": {""cluster_var"": ""cityno""}}, ""software"": {""runner_language"": ""python"", ""runner_version"": ""3.12.7"", ""packages"": {""pyfixest"": ""0.40.1"", ""pandas"": ""2.2.3"", ""numpy"": ""2.1.3""}}, ""surface_hash"": ""sha256:2c816c335b086168d9fc2e69130b7a95ca0dc823a736f7424cd799da88e53807"", ""design"": {""difference_in_differences"": {""estimator"": ""twfe"", ""treatment_timing"": ""2008/09 cohort onward (C2SC voucher introduced in Saxony school year 2008/09)"", ""estimand"": ""ATT"", ""comparison_groups"": ""Brandenburg and Thuringia serve as control states for treatment state Saxony"", ""panel_unit"": ""repeated_cross_section"", ""panel_time"": ""year_3rd (school examination cohort year, 2006-2010)"", ""fe_structure"": [""year_3rd"", ""bula_3rd"", ""cityno""], ""cluster_vars"": [""cityno""]}}, ""controls"": {""spec_id"": ""rc/controls/subset/random_001"", ""family"": ""subset"", ""draw_index"": 1, ""n_controls"": 5, ""controls"": [""newspaper"", ""academictrack"", ""female"", ""born_germany"", ""music_4_7""]}, ""sampling"": {""seed"": 138922, ""draw_index"": 1}}","3 states, target==1, nonmiss==1, cohorts 2006-2010",year_3rd + bula_3rd + cityno,"random subset 001 (n=5): newspaper, academictrack, female, born_germany, music_4_7",cityno,1,
138922-V1,138922-V1__rc_controls_subset_random_002,rc/controls/subset/random_002,specification_tree/modules/robustness/controls.md#subset,G1,sportsclub,treat,0.01075847786096754,0.017923928895842576,0.5498449011864173,-0.024845205015157874,0.046362160737092956,13251.0,0.033551470970309416,"{""coefficients"": {""treat"": 0.01075847786096754, ""art_at_home"": 0.058509810615416866, ""female"": -0.057765158449928355}, ""inference"": {""spec_id"": ""infer/se/cluster/cityno"", ""params"": {""cluster_var"": ""cityno""}}, ""software"": {""runner_language"": ""python"", ""runner_version"": ""3.12.7"", ""packages"": {""pyfixest"": ""0.40.1"", ""pandas"": ""2.2.3"", ""numpy"": ""2.1.3""}}, ""surface_hash"": ""sha256:2c816c335b086168d9fc2e69130b7a95ca0dc823a736f7424cd799da88e53807"", ""design"": {""difference_in_differences"": {""estimator"": ""twfe"", ""treatment_timing"": ""2008/09 cohort onward (C2SC voucher introduced in Saxony school year 2008/09)"", ""estimand"": ""ATT"", ""comparison_groups"": ""Brandenburg and Thuringia serve as control states for treatment state Saxony"", ""panel_unit"": ""repeated_cross_section"", ""panel_time"": ""year_3rd (school examination cohort year, 2006-2010)"", ""fe_structure"": [""year_3rd"", ""bula_3rd"", ""cityno""], ""cluster_vars"": [""cityno""]}}, ""controls"": {""spec_id"": ""rc/controls/subset/random_002"", ""family"": ""subset"", ""draw_index"": 2, ""n_controls"": 2, ""controls"": [""art_at_home"", ""female""]}, ""sampling"": {""seed"": 138922, ""draw_index"": 2}}","3 states, target==1, nonmiss==1, cohorts 2006-2010",year_3rd + bula_3rd + cityno,"random subset 002 (n=2): art_at_home, female",cityno,1,
138922-V1,138922-V1__rc_controls_subset_random_003,rc/controls/subset/random_003,specification_tree/modules/robustness/controls.md#subset,G1,sportsclub,treat,0.007764473908978166,0.01859254961058965,0.6772144353589078,-0.029167341879891888,0.04469628969784822,13167.0,0.03497801392506217,"{""coefficients"": {""treat"": 0.007764473908978166, ""art_at_home"": 0.046756416107357375, ""born_germany"": 0.01994773320689455, ""newspaper"": 0.06867554931749016}, ""inference"": {""spec_id"": ""infer/se/cluster/cityno"", ""params"": {""cluster_var"": ""cityno""}}, ""software"": {""runner_language"": ""python"", ""runner_version"": ""3.12.7"", ""packages"": {""pyfixest"": ""0.40.1"", ""pandas"": ""2.2.3"", ""numpy"": ""2.1.3""}}, ""surface_hash"": ""sha256:2c816c335b086168d9fc2e69130b7a95ca0dc823a736f7424cd799da88e53807"", ""design"": {""difference_in_differences"": {""estimator"": ""twfe"", ""treatment_timing"": ""2008/09 cohort onward (C2SC voucher introduced in Saxony school year 2008/09)"", ""estimand"": ""ATT"", ""comparison_groups"": ""Brandenburg and Thuringia serve as control states for treatment state Saxony"", ""panel_unit"": ""repeated_cross_section"", ""panel_time"": ""year_3rd (school examination cohort year, 2006-2010)"", ""fe_structure"": [""year_3rd"", ""bula_3rd"", ""cityno""], ""cluster_vars"": [""cityno""]}}, ""controls"": {""spec_id"": ""rc/controls/subset/random_003"", ""family"": ""subset"", ""draw_index"": 3, ""n_controls"": 3, ""controls"": [""art_at_home"", ""born_germany"", ""newspaper""]}, ""sampling"": {""seed"": 138922, ""draw_index"": 3}}","3 states, target==1, nonmiss==1, cohorts 2006-2010",year_3rd + bula_3rd + cityno,"random subset 003 (n=3): art_at_home, born_germany, newspaper",cityno,1,
138922-V1,138922-V1__rc_controls_subset_random_004,rc/controls/subset/random_004,specification_tree/modules/robustness/controls.md#subset,G1,sportsclub,treat,0.024237593559064935,0.018687657297504552,0.1979155209776131,-0.012883141966302476,0.061358329084432346,12113.0,0.12047915600834003,"{""coefficients"": {""treat"": 0.024237593559064935, ""art_at_home"": 0.010220924409897731, ""siblings"": 0.02734613850872019, ""newspaper"": 0.04745838858821874, ""born_germany"": -0.06814071484169501, ""academictrack"": 0.10656390997414962, ""sportsclub_4_7"": 0.252817522254733, ""parent_nongermany"": -0.04783469305615925, ""female"": -0.06675024979840158, ""music_4_7"": 0.018705770016217874}, ""inference"": {""spec_id"": ""infer/se/cluster/cityno"", ""params"": {""cluster_var"": ""cityno""}}, ""software"": {""runner_language"": ""python"", ""runner_version"": ""3.12.7"", ""packages"": {""pyfixest"": ""0.40.1"", ""pandas"": ""2.2.3"", ""numpy"": ""2.1.3""}}, ""surface_hash"": ""sha256:2c816c335b086168d9fc2e69130b7a95ca0dc823a736f7424cd799da88e53807"", ""design"": {""difference_in_differences"": {""estimator"": ""twfe"", ""treatment_timing"": ""2008/09 cohort onward (C2SC voucher introduced in Saxony school year 2008/09)"", ""estimand"": ""ATT"", ""comparison_groups"": ""Brandenburg and Thuringia serve as control states for treatment state Saxony"", ""panel_unit"": ""repeated_cross_section"", ""panel_time"": ""year_3rd (school examination cohort year, 2006-2010)"", ""fe_structure"": [""year_3rd"", ""bula_3rd"", ""cityno""], ""cluster_vars"": [""cityno""]}}, ""controls"": {""spec_id"": ""rc/controls/subset/random_004"", ""family"": ""subset"", ""draw_index"": 4, ""n_controls"": 9, ""controls"": [""art_at_home"", ""siblings"", ""newspaper"", ""born_germany"", ""academictrack"", ""sportsclub_4_7"", ""parent_nongermany"", ""female"", ""music_4_7""]}, ""sampling"": {""seed"": 138922, ""draw_index"": 4}}","3 states, target==1, nonmiss==1, cohorts 2006-2010",year_3rd + bula_3rd + cityno,"random subset 004 (n=9): art_at_home, siblings, newspaper, born_germany, academictrack, sportsclub_4_7, parent_nongermany, female, music_4_7",cityno,1,
138922-V1,138922-V1__rc_controls_subset_random_005,rc/controls/subset/random_005,specification_tree/modules/robustness/controls.md#subset,G1,sportsclub,treat,0.024237593559064956,0.018687657297504552,0.19791552097761245,-0.012883141966302455,0.06135832908443237,12113.0,0.12047915600834003,"{""coefficients"": {""treat"": 0.024237593559064956, ""parent_nongermany"": -0.04783469305615938, ""academictrack"": 0.1065639099741496, ""born_germany"": -0.06814071484169514, ""music_4_7"": 0.01870577001621824, ""female"": -0.06675024979840162, ""art_at_home"": 0.010220924409897657, ""sportsclub_4_7"": 0.25281752225473303, ""siblings"": 0.0273461385087202, ""newspaper"": 0.047458388588218714}, ""inference"": {""spec_id"": ""infer/se/cluster/cityno"", ""params"": {""cluster_var"": ""cityno""}}, ""software"": {""runner_language"": ""python"", ""runner_version"": ""3.12.7"", ""packages"": {""pyfixest"": ""0.40.1"", ""pandas"": ""2.2.3"", ""numpy"": ""2.1.3""}}, ""surface_hash"": ""sha256:2c816c335b086168d9fc2e69130b7a95ca0dc823a736f7424cd799da88e53807"", ""design"": {""difference_in_differences"": {""estimator"": ""twfe"", ""treatment_timing"": ""2008/09 cohort onward (C2SC voucher introduced in Saxony school year 2008/09)"", ""estimand"": ""ATT"", ""comparison_groups"": ""Brandenburg and Thuringia serve as control states for treatment state Saxony"", ""panel_unit"": ""repeated_cross_section"", ""panel_time"": ""year_3rd (school examination cohort year, 2006-2010)"", ""fe_structure"": [""year_3rd"", ""bula_3rd"", ""cityno""], ""cluster_vars"": [""cityno""]}}, ""controls"": {""spec_id"": ""rc/controls/subset/random_005"", ""family"": ""subset"", ""draw_index"": 5, ""n_controls"": 9, ""controls"": [""parent_nongermany"", ""academictrack"", ""born_germany"", ""music_4_7"", ""female"", ""art_at_home"", ""sportsclub_4_7"", ""siblings"", ""newspaper""]}, ""sampling"": {""seed"": 138922, ""draw_index"": 5}}","3 states, target==1, nonmiss==1, cohorts 2006-2010",year_3rd + bula_3rd + cityno,"random subset 005 (n=9): parent_nongermany, academictrack, born_germany, music_4_7, female, art_at_home, sportsclub_4_7, siblings, newspaper",cityno,1,
138922-V1,138922-V1__rc_controls_subset_random_006,rc/controls/subset/random_006,specification_tree/modules/robustness/controls.md#subset,G1,sportsclub,treat,0.01934210035850074,0.018212111485692902,0.29102521981350105,-0.016834021830404552,0.05551822254740603,12174.0,0.043616181918696206,"{""coefficients"": {""treat"": 0.01934210035850074, ""parent_nongermany"": -0.0744214312835233, ""music_4_7"": 0.04801069375595693, ""newspaper"": 0.061817993129687034, ""art_at_home"": 0.037603131301792464, ""born_germany"": -0.04439004978947766, ""female"": -0.06452659109642904, ""siblings"": 0.026611751829257152}, ""inference"": {""spec_id"": ""infer/se/cluster/cityno"", ""params"": {""cluster_var"": ""cityno""}}, ""software"": {""runner_language"": ""python"", ""runner_version"": ""3.12.7"", ""packages"": {""pyfixest"": ""0.40.1"", ""pandas"": ""2.2.3"", ""numpy"": ""2.1.3""}}, ""surface_hash"": ""sha256:2c816c335b086168d9fc2e69130b7a95ca0dc823a736f7424cd799da88e53807"", ""design"": {""difference_in_differences"": {""estimator"": ""twfe"", ""treatment_timing"": ""2008/09 cohort onward (C2SC voucher introduced in Saxony school year 2008/09)"", ""estimand"": ""ATT"", ""comparison_groups"": ""Brandenburg and Thuringia serve as control states for treatment state Saxony"", ""panel_unit"": ""repeated_cross_section"", ""panel_time"": ""year_3rd (school examination cohort year, 2006-2010)"", ""fe_structure"": [""year_3rd"", ""bula_3rd"", ""cityno""], ""cluster_vars"": [""cityno""]}}, ""controls"": {""spec_id"": ""rc/controls/subset/random_006"", ""family"": ""subset"", ""draw_index"": 6, ""n_controls"": 7, ""controls"": [""parent_nongermany"", ""music_4_7"", ""newspaper"", ""art_at_home"", ""born_germany"", ""female"", ""siblings""]}, ""sampling"": {""seed"": 138922, ""draw_index"": 6}}","3 states, target==1, nonmiss==1, cohorts 2006-2010",year_3rd + bula_3rd + cityno,"random subset 006 (n=7): parent_nongermany, music_4_7, newspaper, art_at_home, born_germany, female, siblings",cityno,1,
138922-V1,138922-V1__rc_controls_subset_random_007,rc/controls/subset/random_007,specification_tree/modules/robustness/controls.md#subset,G1,sportsclub,treat,0.014481873025777248,0.01892193803302517,0.4460446246136347,-0.0231042324003487,0.052067978451903196,12412.0,0.031159604368557914,"{""coefficients"": {""treat"": 0.014481873025777248, ""born_germany"": 0.023565312625532634, ""music_4_7"": 0.05072204290254583}, ""inference"": {""spec_id"": ""infer/se/cluster/cityno"", ""params"": {""cluster_var"": ""cityno""}}, ""software"": {""runner_language"": ""python"", ""runner_version"": ""3.12.7"", ""packages"": {""pyfixest"": ""0.40.1"", ""pandas"": ""2.2.3"", ""numpy"": ""2.1.3""}}, ""surface_hash"": ""sha256:2c816c335b086168d9fc2e69130b7a95ca0dc823a736f7424cd799da88e53807"", ""design"": {""difference_in_differences"": {""estimator"": ""twfe"", ""treatment_timing"": ""2008/09 cohort onward (C2SC voucher introduced in Saxony school year 2008/09)"", ""estimand"": ""ATT"", ""comparison_groups"": ""Brandenburg and Thuringia serve as control states for treatment state Saxony"", ""panel_unit"": ""repeated_cross_section"", ""panel_time"": ""year_3rd (school examination cohort year, 2006-2010)"", ""fe_structure"": [""year_3rd"", ""bula_3rd"", ""cityno""], ""cluster_vars"": [""cityno""]}}, ""controls"": {""spec_id"": ""rc/controls/subset/random_007"", ""family"": ""subset"", ""draw_index"": 7, ""n_controls"": 2, ""controls"": [""born_germany"", ""music_4_7""]}, ""sampling"": {""seed"": 138922, ""draw_index"": 7}}","3 states, target==1, nonmiss==1, cohorts 2006-2010",year_3rd + bula_3rd + cityno,"random subset 007 (n=2): born_germany, music_4_7",cityno,1,
138922-V1,138922-V1__rc_controls_subset_random_008,rc/controls/subset/random_008,specification_tree/modules/robustness/controls.md#subset,G1,sportsclub,treat,0.01060074445878207,0.019188189843457576,0.5819863598305148,-0.027514237480909413,0.048715726398473554,13261.0,0.04761137627357381,"{""coefficients"": {""treat"": 0.01060074445878207, ""academictrack"": 0.15086444577438954}, ""inference"": {""spec_id"": ""infer/se/cluster/cityno"", ""params"": {""cluster_var"": ""cityno""}}, ""software"": {""runner_language"": ""python"", ""runner_version"": ""3.12.7"", ""packages"": {""pyfixest"": ""0.40.1"", ""pandas"": ""2.2.3"", ""numpy"": ""2.1.3""}}, ""surface_hash"": ""sha256:2c816c335b086168d9fc2e69130b7a95ca0dc823a736f7424cd799da88e53807"", ""design"": {""difference_in_differences"": {""estimator"": ""twfe"", ""treatment_timing"": ""2008/09 cohort onward (C2SC voucher introduced in Saxony school year 2008/09)"", ""estimand"": ""ATT"", ""comparison_groups"": ""Brandenburg and Thuringia serve as control states for treatment state Saxony"", ""panel_unit"": ""repeated_cross_section"", ""panel_time"": ""year_3rd (school examination cohort year, 2006-2010)"", ""fe_structure"": [""year_3rd"", ""bula_3rd"", ""cityno""], ""cluster_vars"": [""cityno""]}}, ""controls"": {""spec_id"": ""rc/controls/subset/random_008"", ""family"": ""subset"", ""draw_index"": 8, ""n_controls"": 1, ""controls"": [""academictrack""]}, ""sampling"": {""seed"": 138922, ""draw_index"": 8}}","3 states, target==1, nonmiss==1, cohorts 2006-2010",year_3rd + bula_3rd + cityno,random subset 008 (n=1): academictrack,cityno,1,
138922-V1,138922-V1__rc_controls_subset_random_009,rc/controls/subset/random_009,specification_tree/modules/robustness/controls.md#subset,G1,sportsclub,treat,0.011871957949206298,0.018416602930978004,0.5207865075867257,-0.024710361374887364,0.04845427727329996,12997.0,0.038092272603939326,"{""coefficients"": {""treat"": 0.011871957949206298, ""born_germany"": -0.04956641726372817, ""newspaper"": 0.06365366472964347, ""art_at_home"": 0.04836348238560577, ""siblings"": 0.02698255693317688, ""parent_nongermany"": -0.08188757755312365}, ""inference"": {""spec_id"": ""infer/se/cluster/cityno"", ""params"": {""cluster_var"": ""cityno""}}, ""software"": {""runner_language"": ""python"", ""runner_version"": ""3.12.7"", ""packages"": {""pyfixest"": ""0.40.1"", ""pandas"": ""2.2.3"", ""numpy"": ""2.1.3""}}, ""surface_hash"": ""sha256:2c816c335b086168d9fc2e69130b7a95ca0dc823a736f7424cd799da88e53807"", ""design"": {""difference_in_differences"": {""estimator"": ""twfe"", ""treatment_timing"": ""2008/09 cohort onward (C2SC voucher introduced in Saxony school year 2008/09)"", ""estimand"": ""ATT"", ""comparison_groups"": ""Brandenburg and Thuringia serve as control states for treatment state Saxony"", ""panel_unit"": ""repeated_cross_section"", ""panel_time"": ""year_3rd (school examination cohort year, 2006-2010)"", ""fe_structure"": [""year_3rd"", ""bula_3rd"", ""cityno""], ""cluster_vars"": [""cityno""]}}, ""controls"": {""spec_id"": ""rc/controls/subset/random_009"", ""family"": ""subset"", ""draw_index"": 9, ""n_controls"": 5, ""controls"": [""born_germany"", ""newspaper"", ""art_at_home"", ""siblings"", ""parent_nongermany""]}, ""sampling"": {""seed"": 138922, ""draw_index"": 9}}","3 states, target==1, nonmiss==1, cohorts 2006-2010",year_3rd + bula_3rd + cityno,"random subset 009 (n=5): born_germany, newspaper, art_at_home, siblings, parent_nongermany",cityno,1,
138922-V1,138922-V1__rc_controls_subset_random_010,rc/controls/subset/random_010,specification_tree/modules/robustness/controls.md#subset,G1,sportsclub,treat,0.020948208072091988,0.01965652312212322,0.2893729251936801,-0.0180970603929949,0.059993476537178875,12202.0,0.052432119969526014,"{""coefficients"": {""treat"": 0.020948208072091988, ""newspaper"": 0.06132217716692152, ""academictrack"": 0.13653982763919306, ""music_4_7"": 0.027408207515299196, ""siblings"": 0.02655862745785153}, ""inference"": {""spec_id"": ""infer/se/cluster/cityno"", ""params"": {""cluster_var"": ""cityno""}}, ""software"": {""runner_language"": ""python"", ""runner_version"": ""3.12.7"", ""packages"": {""pyfixest"": ""0.40.1"", ""pandas"": ""2.2.3"", ""numpy"": ""2.1.3""}}, ""surface_hash"": ""sha256:2c816c335b086168d9fc2e69130b7a95ca0dc823a736f7424cd799da88e53807"", ""design"": {""difference_in_differences"": {""estimator"": ""twfe"", ""treatment_timing"": ""2008/09 cohort onward (C2SC voucher introduced in Saxony school year 2008/09)"", ""estimand"": ""ATT"", ""comparison_groups"": ""Brandenburg and Thuringia serve as control states for treatment state Saxony"", ""panel_unit"": ""repeated_cross_section"", ""panel_time"": ""year_3rd (school examination cohort year, 2006-2010)"", ""fe_structure"": [""year_3rd"", ""bula_3rd"", ""cityno""], ""cluster_vars"": [""cityno""]}}, ""controls"": {""spec_id"": ""rc/controls/subset/random_010"", ""family"": ""subset"", ""draw_index"": 10, ""n_controls"": 4, ""controls"": [""newspaper"", ""academictrack"", ""music_4_7"", ""siblings""]}, ""sampling"": {""seed"": 138922, ""draw_index"": 10}}","3 states, target==1, nonmiss==1, cohorts 2006-2010",year_3rd + bula_3rd + cityno,"random subset 010 (n=4): newspaper, academictrack, music_4_7, siblings",cityno,1,
138922-V1,138922-V1__rc_sample_time_drop_2006,rc/sample/time/drop_2006,specification_tree/modules/robustness/sample.md#time,G1,sportsclub,treat,0.01082725277005619,0.018715092264137728,0.5643509328038485,-0.026353544558028276,0.04800805009814065,11684.0,0.025105290855095275,"{""coefficients"": {""treat"": 0.01082725277005619}, ""inference"": {""spec_id"": ""infer/se/cluster/cityno"", ""params"": {""cluster_var"": ""cityno""}}, ""software"": {""runner_language"": ""python"", ""runner_version"": ""3.12.7"", ""packages"": {""pyfixest"": ""0.40.1"", ""pandas"": ""2.2.3"", ""numpy"": ""2.1.3""}}, ""surface_hash"": ""sha256:2c816c335b086168d9fc2e69130b7a95ca0dc823a736f7424cd799da88e53807"", ""design"": {""difference_in_differences"": {""estimator"": ""twfe"", ""treatment_timing"": ""2008/09 cohort onward (C2SC voucher introduced in Saxony school year 2008/09)"", ""estimand"": ""ATT"", ""comparison_groups"": ""Brandenburg and Thuringia serve as control states for treatment state Saxony"", ""panel_unit"": ""repeated_cross_section"", ""panel_time"": ""year_3rd (school examination cohort year, 2006-2010)"", ""fe_structure"": [""year_3rd"", ""bula_3rd"", ""cityno""], ""cluster_vars"": [""cityno""]}}, ""sample"": {""spec_id"": ""rc/sample/time/drop_2006"", ""family"": ""time"", ""description"": ""Drop 2006, cohorts 2007-2010""}}","3 states, target==1, nonmiss==1; Drop 2006, cohorts 2007-2010",year_3rd + bula_3rd + cityno,none,cityno,1,
138922-V1,138922-V1__rc_sample_time_drop_2007,rc/sample/time/drop_2007,specification_tree/modules/robustness/sample.md#time,G1,sportsclub,treat,0.011782241111536283,0.027291896562118147,0.6669718225800749,-0.04242975872021122,0.06599424094328378,11019.0,0.02858443171073366,"{""coefficients"": {""treat"": 0.011782241111536283}, ""inference"": {""spec_id"": ""infer/se/cluster/cityno"", ""params"": {""cluster_var"": ""cityno""}}, ""software"": {""runner_language"": ""python"", ""runner_version"": ""3.12.7"", ""packages"": {""pyfixest"": ""0.40.1"", ""pandas"": ""2.2.3"", ""numpy"": ""2.1.3""}}, ""surface_hash"": ""sha256:2c816c335b086168d9fc2e69130b7a95ca0dc823a736f7424cd799da88e53807"", ""design"": {""difference_in_differences"": {""estimator"": ""twfe"", ""treatment_timing"": ""2008/09 cohort onward (C2SC voucher introduced in Saxony school year 2008/09)"", ""estimand"": ""ATT"", ""comparison_groups"": ""Brandenburg and Thuringia serve as control states for treatment state Saxony"", ""panel_unit"": ""repeated_cross_section"", ""panel_time"": ""year_3rd (school examination cohort year, 2006-2010)"", ""fe_structure"": [""year_3rd"", ""bula_3rd"", ""cityno""], ""cluster_vars"": [""cityno""]}}, ""sample"": {""spec_id"": ""rc/sample/time/drop_2007"", ""family"": ""time"", ""description"": ""Drop 2007 only""}}","3 states, target==1, nonmiss==1; Drop 2007 only",year_3rd + bula_3rd + cityno,none,cityno,1,
138922-V1,138922-V1__rc_sample_time_extend_2000_2010,rc/sample/time/extend_2000_2010,specification_tree/modules/robustness/sample.md#time,G1,sportsclub,treat,0.005770178977802665,0.018501040517524037,0.7558421282624637,-0.030979865239180282,0.042520223194785614,13505.0,0.027994406382594095,"{""coefficients"": {""treat"": 0.005770178977802665}, ""inference"": {""spec_id"": ""infer/se/cluster/cityno"", ""params"": {""cluster_var"": ""cityno""}}, ""software"": {""runner_language"": ""python"", ""runner_version"": ""3.12.7"", ""packages"": {""pyfixest"": ""0.40.1"", ""pandas"": ""2.2.3"", ""numpy"": ""2.1.3""}}, ""surface_hash"": ""sha256:2c816c335b086168d9fc2e69130b7a95ca0dc823a736f7424cd799da88e53807"", ""design"": {""difference_in_differences"": {""estimator"": ""twfe"", ""treatment_timing"": ""2008/09 cohort onward (C2SC voucher introduced in Saxony school year 2008/09)"", ""estimand"": ""ATT"", ""comparison_groups"": ""Brandenburg and Thuringia serve as control states for treatment state Saxony"", ""panel_unit"": ""repeated_cross_section"", ""panel_time"": ""year_3rd (school examination cohort year, 2006-2010)"", ""fe_structure"": [""year_3rd"", ""bula_3rd"", ""cityno""], ""cluster_vars"": [""cityno""]}}, ""sample"": {""spec_id"": ""rc/sample/time/extend_2000_2010"", ""family"": ""time"", ""description"": ""Extended pre-period: cohorts 2000-2010""}}","3 states, target==1, nonmiss==1; Extended pre-period: cohorts 2000-2010",year_3rd + bula_3rd + cityno,none,cityno,1,
138922-V1,138922-V1__rc_sample_time_extend_2006_2011,rc/sample/time/extend_2006_2011,specification_tree/modules/robustness/sample.md#time,G1,sportsclub,treat,-0.013699218479597524,0.01451117349858248,0.3476457914985771,-0.04252388200098665,0.0151254450417916,16080.0,0.028914259525279706,"{""coefficients"": {""treat"": -0.013699218479597524}, ""inference"": {""spec_id"": ""infer/se/cluster/cityno"", ""params"": {""cluster_var"": ""cityno""}}, ""software"": {""runner_language"": ""python"", ""runner_version"": ""3.12.7"", ""packages"": {""pyfixest"": ""0.40.1"", ""pandas"": ""2.2.3"", ""numpy"": ""2.1.3""}}, ""surface_hash"": ""sha256:2c816c335b086168d9fc2e69130b7a95ca0dc823a736f7424cd799da88e53807"", ""design"": {""difference_in_differences"": {""estimator"": ""twfe"", ""treatment_timing"": ""2008/09 cohort onward (C2SC voucher introduced in Saxony school year 2008/09)"", ""estimand"": ""ATT"", ""comparison_groups"": ""Brandenburg and Thuringia serve as control states for treatment state Saxony"", ""panel_unit"": ""repeated_cross_section"", ""panel_time"": ""year_3rd (school examination cohort year, 2006-2010)"", ""fe_structure"": [""year_3rd"", ""bula_3rd"", ""cityno""], ""cluster_vars"": [""cityno""]}}, ""sample"": {""spec_id"": ""rc/sample/time/extend_2006_2011"", ""family"": ""time"", ""description"": ""Extended post-period: cohorts 2006-2011""}}","3 states, target==1, nonmiss==1; Extended post-period: cohorts 2006-2011",year_3rd + bula_3rd + cityno,none,cityno,1,
138922-V1,138922-V1__rc_sample_time_shorten_2006_2009,rc/sample/time/shorten_2006_2009,specification_tree/modules/robustness/sample.md#time,G1,sportsclub,treat,0.01645443710360983,0.01740305885744511,0.34691199088002955,-0.01811460142782171,0.05102347563504137,10043.0,0.0260874160258191,"{""coefficients"": {""treat"": 0.01645443710360983}, ""inference"": {""spec_id"": ""infer/se/cluster/cityno"", ""params"": {""cluster_var"": ""cityno""}}, ""software"": {""runner_language"": ""python"", ""runner_version"": ""3.12.7"", ""packages"": {""pyfixest"": ""0.40.1"", ""pandas"": ""2.2.3"", ""numpy"": ""2.1.3""}}, ""surface_hash"": ""sha256:2c816c335b086168d9fc2e69130b7a95ca0dc823a736f7424cd799da88e53807"", ""design"": {""difference_in_differences"": {""estimator"": ""twfe"", ""treatment_timing"": ""2008/09 cohort onward (C2SC voucher introduced in Saxony school year 2008/09)"", ""estimand"": ""ATT"", ""comparison_groups"": ""Brandenburg and Thuringia serve as control states for treatment state Saxony"", ""panel_unit"": ""repeated_cross_section"", ""panel_time"": ""year_3rd (school examination cohort year, 2006-2010)"", ""fe_structure"": [""year_3rd"", ""bula_3rd"", ""cityno""], ""cluster_vars"": [""cityno""]}}, ""sample"": {""spec_id"": ""rc/sample/time/shorten_2006_2009"", ""family"": ""time"", ""description"": ""Shortened: cohorts 2006-2009""}}","3 states, target==1, nonmiss==1; Shortened: cohorts 2006-2009",year_3rd + bula_3rd + cityno,none,cityno,1,
138922-V1,138922-V1__rc_sample_states_only_thuringia,rc/sample/states/only_thuringia,specification_tree/modules/robustness/sample.md#geographic,G1,sportsclub,treat,0.016923462587609975,0.024036573273618057,0.48394232804569937,-0.031095112629276923,0.06494203780449687,9568.0,0.027793162146472428,"{""coefficients"": {""treat"": 0.016923462587609975}, ""inference"": {""spec_id"": ""infer/se/cluster/cityno"", ""params"": {""cluster_var"": ""cityno""}}, ""software"": {""runner_language"": ""python"", ""runner_version"": ""3.12.7"", ""packages"": {""pyfixest"": ""0.40.1"", ""pandas"": ""2.2.3"", ""numpy"": ""2.1.3""}}, ""surface_hash"": ""sha256:2c816c335b086168d9fc2e69130b7a95ca0dc823a736f7424cd799da88e53807"", ""design"": {""difference_in_differences"": {""estimator"": ""twfe"", ""treatment_timing"": ""2008/09 cohort onward (C2SC voucher introduced in Saxony school year 2008/09)"", ""estimand"": ""ATT"", ""comparison_groups"": ""Brandenburg and Thuringia serve as control states for treatment state Saxony"", ""panel_unit"": ""repeated_cross_section"", ""panel_time"": ""year_3rd (school examination cohort year, 2006-2010)"", ""fe_structure"": [""year_3rd"", ""bula_3rd"", ""cityno""], ""cluster_vars"": [""cityno""]}}, ""sample"": {""spec_id"": ""rc/sample/states/only_thuringia"", ""family"": ""states"", ""states"": [13, 16]}}","Saxony + Thuringia only (drop Brandenburg), target==1, nonmiss==1, cohorts 2006-2010",year_3rd + bula_3rd + cityno,none,cityno,1,
138922-V1,138922-V1__rc_sample_states_only_brandenburg,rc/sample/states/only_brandenburg,specification_tree/modules/robustness/sample.md#geographic,G1,sportsclub,treat,0.003760025769038262,0.02235306872717013,0.8669095942056266,-0.04083312620180678,0.048353177739883305,10966.0,0.025704498687935118,"{""coefficients"": {""treat"": 0.003760025769038262}, ""inference"": {""spec_id"": ""infer/se/cluster/cityno"", ""params"": {""cluster_var"": ""cityno""}}, ""software"": {""runner_language"": ""python"", ""runner_version"": ""3.12.7"", ""packages"": {""pyfixest"": ""0.40.1"", ""pandas"": ""2.2.3"", ""numpy"": ""2.1.3""}}, ""surface_hash"": ""sha256:2c816c335b086168d9fc2e69130b7a95ca0dc823a736f7424cd799da88e53807"", ""design"": {""difference_in_differences"": {""estimator"": ""twfe"", ""treatment_timing"": ""2008/09 cohort onward (C2SC voucher introduced in Saxony school year 2008/09)"", ""estimand"": ""ATT"", ""comparison_groups"": ""Brandenburg and Thuringia serve as control states for treatment state Saxony"", ""panel_unit"": ""repeated_cross_section"", ""panel_time"": ""year_3rd (school examination cohort year, 2006-2010)"", ""fe_structure"": [""year_3rd"", ""bula_3rd"", ""cityno""], ""cluster_vars"": [""cityno""]}}, ""sample"": {""spec_id"": ""rc/sample/states/only_brandenburg"", ""family"": ""states"", ""states"": [4, 13]}}","Saxony + Brandenburg only (drop Thuringia), target==1, nonmiss==1, cohorts 2006-2010",year_3rd + bula_3rd + cityno,none,cityno,1,
138922-V1,138922-V1__rc_sample_quality_no_missing_filter,rc/sample/quality/no_missing_filter,specification_tree/modules/robustness/sample.md#quality,G1,sportsclub,treat,0.007673039651467635,0.0200862134986359,0.7033480787385415,-0.03222575596099757,0.04757183526393284,13538.0,0.02725072725614297,"{""coefficients"": {""treat"": 0.007673039651467635}, ""inference"": {""spec_id"": ""infer/se/cluster/cityno"", ""params"": {""cluster_var"": ""cityno""}}, ""software"": {""runner_language"": ""python"", ""runner_version"": ""3.12.7"", ""packages"": {""pyfixest"": ""0.40.1"", ""pandas"": ""2.2.3"", ""numpy"": ""2.1.3""}}, ""surface_hash"": ""sha256:2c816c335b086168d9fc2e69130b7a95ca0dc823a736f7424cd799da88e53807"", ""design"": {""difference_in_differences"": {""estimator"": ""twfe"", ""treatment_timing"": ""2008/09 cohort onward (C2SC voucher introduced in Saxony school year 2008/09)"", ""estimand"": ""ATT"", ""comparison_groups"": ""Brandenburg and Thuringia serve as control states for treatment state Saxony"", ""panel_unit"": ""repeated_cross_section"", ""panel_time"": ""year_3rd (school examination cohort year, 2006-2010)"", ""fe_structure"": [""year_3rd"", ""bula_3rd"", ""cityno""], ""cluster_vars"": [""cityno""]}}, ""sample"": {""spec_id"": ""rc/sample/quality/no_missing_filter"", ""family"": ""quality"", ""dropped_filter"": ""nonmiss==1""}}","3 states, target==1, NO nonmiss filter, cohorts 2006-2010",year_3rd + bula_3rd + cityno,none,cityno,1,
138922-V1,138922-V1__rc_sample_quality_high_duration_quality,rc/sample/quality/high_duration_quality,specification_tree/modules/robustness/sample.md#quality,G1,sportsclub,treat,0.014154920977585672,0.021364894157253986,0.5094884158674682,-0.02834665944069842,0.056656501395869766,10835.0,0.02594264396062007,"{""coefficients"": {""treat"": 0.014154920977585672}, ""inference"": {""spec_id"": ""infer/se/cluster/cityno"", ""params"": {""cluster_var"": ""cityno""}}, ""software"": {""runner_language"": ""python"", ""runner_version"": ""3.12.7"", ""packages"": {""pyfixest"": ""0.40.1"", ""pandas"": ""2.2.3"", ""numpy"": ""2.1.3""}}, ""surface_hash"": ""sha256:2c816c335b086168d9fc2e69130b7a95ca0dc823a736f7424cd799da88e53807"", ""design"": {""difference_in_differences"": {""estimator"": ""twfe"", ""treatment_timing"": ""2008/09 cohort onward (C2SC voucher introduced in Saxony school year 2008/09)"", ""estimand"": ""ATT"", ""comparison_groups"": ""Brandenburg and Thuringia serve as control states for treatment state Saxony"", ""panel_unit"": ""repeated_cross_section"", ""panel_time"": ""year_3rd (school examination cohort year, 2006-2010)"", ""fe_structure"": [""year_3rd"", ""bula_3rd"", ""cityno""], ""cluster_vars"": [""cityno""]}}, ""sample"": {""spec_id"": ""rc/sample/quality/high_duration_quality"", ""family"": ""quality"", ""additional_filters"": ""duration>10 & female_check==1 & deutsch_check==1 & dob_check==1""}}","3 states, target==1, nonmiss==1, high quality (duration>10, female_check, deutsch_check, dob_check), cohorts 2006-2010",year_3rd + bula_3rd + cityno,none,cityno,1,
138922-V1,138922-V1__rc_sample_quality_no_older_siblings_treatment,rc/sample/quality/no_older_siblings_treatment,specification_tree/modules/robustness/sample.md#quality,G1,sportsclub,treat,0.01659054788222056,0.019813544487243658,0.404598749981707,-0.022766624235297187,0.05594771999973831,12484.0,0.028533850202173805,"{""coefficients"": {""treat"": 0.01659054788222056}, ""inference"": {""spec_id"": ""infer/se/cluster/cityno"", ""params"": {""cluster_var"": ""cityno""}}, ""software"": {""runner_language"": ""python"", ""runner_version"": ""3.12.7"", ""packages"": {""pyfixest"": ""0.40.1"", ""pandas"": ""2.2.3"", ""numpy"": ""2.1.3""}}, ""surface_hash"": ""sha256:2c816c335b086168d9fc2e69130b7a95ca0dc823a736f7424cd799da88e53807"", ""design"": {""difference_in_differences"": {""estimator"": ""twfe"", ""treatment_timing"": ""2008/09 cohort onward (C2SC voucher introduced in Saxony school year 2008/09)"", ""estimand"": ""ATT"", ""comparison_groups"": ""Brandenburg and Thuringia serve as control states for treatment state Saxony"", ""panel_unit"": ""repeated_cross_section"", ""panel_time"": ""year_3rd (school examination cohort year, 2006-2010)"", ""fe_structure"": [""year_3rd"", ""bula_3rd"", ""cityno""], ""cluster_vars"": [""cityno""]}}, ""sample"": {""spec_id"": ""rc/sample/quality/no_older_siblings_treatment"", ""family"": ""quality"", ""additional_filters"": ""sib_part==0 | inrange(year_3rd, 2009, 2010)""}}","3 states, target==1, nonmiss==1, exclude siblings treated (sib_part==0|year>=2009), cohorts 2006-2010",year_3rd + bula_3rd + cityno,none,cityno,1,
138922-V1,138922-V1__rc_sample_quality_no_older_siblings_any,rc/sample/quality/no_older_siblings_any,specification_tree/modules/robustness/sample.md#quality,G1,sportsclub,treat,0.004020315295626768,0.03347661166261281,0.9046769604341276,-0.06248681680351294,0.07052744739476648,5890.0,0.02909850798929481,"{""coefficients"": {""treat"": 0.004020315295626768}, ""inference"": {""spec_id"": ""infer/se/cluster/cityno"", ""params"": {""cluster_var"": ""cityno""}}, ""software"": {""runner_language"": ""python"", ""runner_version"": ""3.12.7"", ""packages"": {""pyfixest"": ""0.40.1"", ""pandas"": ""2.2.3"", ""numpy"": ""2.1.3""}}, ""surface_hash"": ""sha256:2c816c335b086168d9fc2e69130b7a95ca0dc823a736f7424cd799da88e53807"", ""design"": {""difference_in_differences"": {""estimator"": ""twfe"", ""treatment_timing"": ""2008/09 cohort onward (C2SC voucher introduced in Saxony school year 2008/09)"", ""estimand"": ""ATT"", ""comparison_groups"": ""Brandenburg and Thuringia serve as control states for treatment state Saxony"", ""panel_unit"": ""repeated_cross_section"", ""panel_time"": ""year_3rd (school examination cohort year, 2006-2010)"", ""fe_structure"": [""year_3rd"", ""bula_3rd"", ""cityno""], ""cluster_vars"": [""cityno""]}}, ""sample"": {""spec_id"": ""rc/sample/quality/no_older_siblings_any"", ""family"": ""quality"", ""additional_filters"": ""anz_osiblings==0""}}","3 states, target==1, nonmiss==1, only children (anz_osiblings==0), cohorts 2006-2010",year_3rd + bula_3rd + cityno,none,cityno,1,
138922-V1,138922-V1__rc_sample_quality_balanced_movers_excluded,rc/sample/quality/balanced_movers_excluded,specification_tree/modules/robustness/sample.md#quality,G1,sportsclub,treat,0.004872324528577707,0.018666209312376895,0.7946639798934243,-0.03220580720912381,0.041950456266279225,12924.0,0.028099200860368545,"{""coefficients"": {""treat"": 0.004872324528577707}, ""inference"": {""spec_id"": ""infer/se/cluster/cityno"", ""params"": {""cluster_var"": ""cityno""}}, ""software"": {""runner_language"": ""python"", ""runner_version"": ""3.12.7"", ""packages"": {""pyfixest"": ""0.40.1"", ""pandas"": ""2.2.3"", ""numpy"": ""2.1.3""}}, ""surface_hash"": ""sha256:2c816c335b086168d9fc2e69130b7a95ca0dc823a736f7424cd799da88e53807"", ""design"": {""difference_in_differences"": {""estimator"": ""twfe"", ""treatment_timing"": ""2008/09 cohort onward (C2SC voucher introduced in Saxony school year 2008/09)"", ""estimand"": ""ATT"", ""comparison_groups"": ""Brandenburg and Thuringia serve as control states for treatment state Saxony"", ""panel_unit"": ""repeated_cross_section"", ""panel_time"": ""year_3rd (school examination cohort year, 2006-2010)"", ""fe_structure"": [""year_3rd"", ""bula_3rd"", ""cityno""], ""cluster_vars"": [""cityno""]}}, ""sample"": {""spec_id"": ""rc/sample/quality/balanced_movers_excluded"", ""family"": ""quality"", ""additional_filters"": ""bula_3rd==bula (exclude movers)""}}","3 states, target==1, nonmiss==1, non-movers only (bula_3rd==bula), cohorts 2006-2010",year_3rd + bula_3rd + cityno,none,cityno,1,
138922-V1,138922-V1__rc_fe_drop_cityno,rc/fe/drop/cityno,specification_tree/modules/robustness/fixed_effects.md#drop,G1,sportsclub,treat,0.002710206006409554,0.019383629219535063,0.8891083862238074,-0.03578735475936315,0.041207766772182255,13334.0,0.017230910995824744,"{""coefficients"": {""treat"": 0.002710206006409554}, ""inference"": {""spec_id"": ""infer/se/cluster/cityno"", ""params"": {""cluster_var"": ""cityno""}}, ""software"": {""runner_language"": ""python"", ""runner_version"": ""3.12.7"", ""packages"": {""pyfixest"": ""0.40.1"", ""pandas"": ""2.2.3"", ""numpy"": ""2.1.3""}}, ""surface_hash"": ""sha256:2c816c335b086168d9fc2e69130b7a95ca0dc823a736f7424cd799da88e53807"", ""design"": {""difference_in_differences"": {""estimator"": ""twfe"", ""treatment_timing"": ""2008/09 cohort onward (C2SC voucher introduced in Saxony school year 2008/09)"", ""estimand"": ""ATT"", ""comparison_groups"": ""Brandenburg and Thuringia serve as control states for treatment state Saxony"", ""panel_unit"": ""repeated_cross_section"", ""panel_time"": ""year_3rd (school examination cohort year, 2006-2010)"", ""fe_structure"": [""year_3rd"", ""bula_3rd"", ""cityno""], ""cluster_vars"": [""cityno""]}}, ""fixed_effects"": {""spec_id"": ""rc/fe/drop/cityno"", ""family"": ""drop"", ""dropped"": [""cityno""]}}","3 states, target==1, nonmiss==1, cohorts 2006-2010",year_3rd + bula_3rd (dropped cityno),none,cityno,1,
138922-V1,138922-V1__rc_fe_drop_bula_3rd,rc/fe/drop/bula_3rd,specification_tree/modules/robustness/fixed_effects.md#drop,G1,sportsclub,treat,0.012717518452109522,0.016716403010435543,0.4487548474235663,-0.020487562591874245,0.045922599496093286,13333.0,0.02765423613329787,"{""coefficients"": {""treat"": 0.012717518452109522}, ""inference"": {""spec_id"": ""infer/se/cluster/cityno"", ""params"": {""cluster_var"": ""cityno""}}, ""software"": {""runner_language"": ""python"", ""runner_version"": ""3.12.7"", ""packages"": {""pyfixest"": ""0.40.1"", ""pandas"": ""2.2.3"", ""numpy"": ""2.1.3""}}, ""surface_hash"": ""sha256:2c816c335b086168d9fc2e69130b7a95ca0dc823a736f7424cd799da88e53807"", ""design"": {""difference_in_differences"": {""estimator"": ""twfe"", ""treatment_timing"": ""2008/09 cohort onward (C2SC voucher introduced in Saxony school year 2008/09)"", ""estimand"": ""ATT"", ""comparison_groups"": ""Brandenburg and Thuringia serve as control states for treatment state Saxony"", ""panel_unit"": ""repeated_cross_section"", ""panel_time"": ""year_3rd (school examination cohort year, 2006-2010)"", ""fe_structure"": [""year_3rd"", ""bula_3rd"", ""cityno""], ""cluster_vars"": [""cityno""]}}, ""fixed_effects"": {""spec_id"": ""rc/fe/drop/bula_3rd"", ""family"": ""drop"", ""dropped"": [""bula_3rd""]}}","3 states, target==1, nonmiss==1, cohorts 2006-2010",year_3rd + cityno (dropped bula_3rd; subsumed by cityno),none,cityno,1,
138922-V1,138922-V1__rc_fe_add_bula_3rd_x_year_3rd,rc/fe/add/bula_3rd_x_year_3rd,specification_tree/modules/robustness/fixed_effects.md#add,G1,sportsclub,treat,,,,,,,,"{""error"": ""             All variables are collinear. Maybe your model specification introduces multicollinearity? If not, please reach out to the package authors!.             "", ""error_details"": {""stage"": ""estimation"", ""exception_type"": ""ValueError"", ""exception_message"": ""\n            All variables are collinear. Maybe your model specification introduces multicollinearity? If not, please reach out to the package authors!.\n            "", ""traceback_tail"": ""  File \""/Users/gabesekeres/.pyenv/versions/miniconda3-latest/lib/python3.12/site-packages/pyfixest/estimation/FixestMulti_.py\"", line 433, in _estimate_all_models\n    FIT.drop_multicol_vars()\n  File \""/Users/gabesekeres/.pyenv/versions/miniconda3-latest/lib/python3.12/site-packages/pyfixest/estimation/feols_.py\"", line 530, in drop_multicol_vars\n    ) = _drop_multicollinear_variables(\n        ^^^^^^^^^^^^^^^^^^^^^^^^^^^^^^^\n  File \""/Users/gabesekeres/.pyenv/versions/miniconda3-latest/lib/python3.12/site-packages/pyfixest/estimation/feols_.py\"", line 2830, in _drop_multicollinear_variables\n    raise ValueError(\nValueError: \n            All variables are collinear. Maybe your model specification introduces multicollinearity? If not, please reach out to the package authors!.\n            ""}}","3 states, target==1, nonmiss==1, cohorts 2006-2010",year_3rd + bula_3rd + cityno + bula_3rd_x_year_3rd (may be collinear with treat),none,cityno,0,"             All variables are collinear. Maybe your model specification introduces multicollinearity? If not, please reach out to the package authors!.             "
138922-V1,138922-V1__rc_data_treatment_1st_grade_timing,rc/data/treatment/1st_grade_timing,specification_tree/modules/robustness/data_construction.md#merge--linkage-robustness,G1,sportsclub,t_tcoh_1st,0.009558327097705523,0.017089125598846747,0.5773158735081556,-0.02438712158083403,0.04350377577624508,13420.0,0.02885771969598927,"{""coefficients"": {""t_tcoh_1st"": 0.009558327097705523}, ""inference"": {""spec_id"": ""infer/se/cluster/cityno"", ""params"": {""cluster_var"": ""cityno""}}, ""software"": {""runner_language"": ""python"", ""runner_version"": ""3.12.7"", ""packages"": {""pyfixest"": ""0.40.1"", ""pandas"": ""2.2.3"", ""numpy"": ""2.1.3""}}, ""surface_hash"": ""sha256:2c816c335b086168d9fc2e69130b7a95ca0dc823a736f7424cd799da88e53807"", ""design"": {""difference_in_differences"": {""estimator"": ""twfe"", ""treatment_timing"": ""2008/09 cohort onward (C2SC voucher introduced in Saxony school year 2008/09)"", ""estimand"": ""ATT"", ""comparison_groups"": ""Brandenburg and Thuringia serve as control states for treatment state Saxony"", ""panel_unit"": ""repeated_cross_section"", ""panel_time"": ""year_3rd (school examination cohort year, 2006-2010)"", ""fe_structure"": [""year_3rd"", ""bula_3rd"", ""cityno""], ""cluster_vars"": [""cityno""]}}, ""data_construction"": {""spec_id"": ""rc/data/treatment/1st_grade_timing"", ""family"": ""treatment"", ""treatment_var"": ""t_tcoh_1st"", ""timing"": ""1st grade""}}","3 states (bula_1st), target==1, nonmiss==1, 1st-grade years 2004-2008",year_1st + bula_1st + cityno,none,cityno,1,
138922-V1,138922-V1__rc_data_treatment_current_state,rc/data/treatment/current_state,specification_tree/modules/robustness/data_construction.md#merge--linkage-robustness,G1,sportsclub,t_tcoh_bula,-0.0013239379277228765,0.01708023337376722,0.9383857298079092,-0.03525172329351251,0.03260384743806676,13858.0,0.02804321676718846,"{""coefficients"": {""t_tcoh_bula"": -0.0013239379277228765}, ""inference"": {""spec_id"": ""infer/se/cluster/cityno"", ""params"": {""cluster_var"": ""cityno""}}, ""software"": {""runner_language"": ""python"", ""runner_version"": ""3.12.7"", ""packages"": {""pyfixest"": ""0.40.1"", ""pandas"": ""2.2.3"", ""numpy"": ""2.1.3""}}, ""surface_hash"": ""sha256:2c816c335b086168d9fc2e69130b7a95ca0dc823a736f7424cd799da88e53807"", ""design"": {""difference_in_differences"": {""estimator"": ""twfe"", ""treatment_timing"": ""2008/09 cohort onward (C2SC voucher introduced in Saxony school year 2008/09)"", ""estimand"": ""ATT"", ""comparison_groups"": ""Brandenburg and Thuringia serve as control states for treatment state Saxony"", ""panel_unit"": ""repeated_cross_section"", ""panel_time"": ""year_3rd (school examination cohort year, 2006-2010)"", ""fe_structure"": [""year_3rd"", ""bula_3rd"", ""cityno""], ""cluster_vars"": [""cityno""]}}, ""data_construction"": {""spec_id"": ""rc/data/treatment/current_state"", ""family"": ""treatment"", ""treatment_var"": ""t_tcoh_bula"", ""timing"": ""current state of residence""}}","3 states (current bula), target==1, nonmiss==1, cohorts 2006-2010",year_3rd + bula (current) + cityno,none,cityno,1,
138922-V1,138922-V1__rc_data_treatment_treat_v2,rc/data/treatment/treat_v2,specification_tree/modules/robustness/data_construction.md#merge--linkage-robustness,G1,sportsclub,treat_v2,0.017827816065089694,0.028313713476287035,0.5309714440948441,-0.038642104864073136,0.07429773699425252,6117.0,0.0347902362569964,"{""coefficients"": {""treat_v2"": 0.017827816065089694}, ""inference"": {""spec_id"": ""infer/se/cluster/cityno"", ""params"": {""cluster_var"": ""cityno""}}, ""software"": {""runner_language"": ""python"", ""runner_version"": ""3.12.7"", ""packages"": {""pyfixest"": ""0.40.1"", ""pandas"": ""2.2.3"", ""numpy"": ""2.1.3""}}, ""surface_hash"": ""sha256:2c816c335b086168d9fc2e69130b7a95ca0dc823a736f7424cd799da88e53807"", ""design"": {""difference_in_differences"": {""estimator"": ""twfe"", ""treatment_timing"": ""2008/09 cohort onward (C2SC voucher introduced in Saxony school year 2008/09)"", ""estimand"": ""ATT"", ""comparison_groups"": ""Brandenburg and Thuringia serve as control states for treatment state Saxony"", ""panel_unit"": ""repeated_cross_section"", ""panel_time"": ""year_3rd (school examination cohort year, 2006-2010)"", ""fe_structure"": [""year_3rd"", ""bula_3rd"", ""cityno""], ""cluster_vars"": [""cityno""]}}, ""data_construction"": {""spec_id"": ""rc/data/treatment/treat_v2"", ""family"": ""treatment"", ""treatment_var"": ""treat_v2"", ""note"": ""Alternative treatment coding""}}","3 states, target==1, nonmiss==1, cohorts 2006-2010",year_3rd + bula_3rd + cityno,none,cityno,1,
138922-V1,138922-V1__rc_weights_main_ebalance_weighted,rc/weights/main/ebalance_weighted,specification_tree/modules/robustness/weights.md#a-main-weight-choices,G1,sportsclub,treat,-0.016110214827420193,0.015909496489489243,0.3140840078859375,-0.04773724710291548,0.015516817448075093,12872.0,0.028821863306230044,"{""coefficients"": {""treat"": -0.016110214827420193}, ""inference"": {""spec_id"": ""infer/se/cluster/cityno"", ""params"": {""cluster_var"": ""cityno""}}, ""software"": {""runner_language"": ""python"", ""runner_version"": ""3.12.7"", ""packages"": {""pyfixest"": ""0.40.1"", ""pandas"": ""2.2.3"", ""numpy"": ""2.1.3""}}, ""surface_hash"": ""sha256:2c816c335b086168d9fc2e69130b7a95ca0dc823a736f7424cd799da88e53807"", ""design"": {""difference_in_differences"": {""estimator"": ""twfe"", ""treatment_timing"": ""2008/09 cohort onward (C2SC voucher introduced in Saxony school year 2008/09)"", ""estimand"": ""ATT"", ""comparison_groups"": ""Brandenburg and Thuringia serve as control states for treatment state Saxony"", ""panel_unit"": ""repeated_cross_section"", ""panel_time"": ""year_3rd (school examination cohort year, 2006-2010)"", ""fe_structure"": [""year_3rd"", ""bula_3rd"", ""cityno""], ""cluster_vars"": [""cityno""]}}, ""weights"": {""spec_id"": ""rc/weights/main/ebalance_weighted"", ""family"": ""ebalance"", ""match_vars"": [""sportsclub_2007"", ""sport_hrs_2007"", ""oweight_2007"", ""sportsclub_2006"", ""sport_hrs_2006"", ""oweight_2006""], ""weight_type"": ""entropy_balance""}}","3 states, non-movers, balanced city panel, entropy-balanced weights",year_3rd + bula_3rd + cityno,none,cityno,1,
138922-V1,138922-V1__rc_joint_ebalance_plus_controls,rc/joint/ebalance_plus_controls,specification_tree/modules/robustness/joint.md#purpose,G1,sportsclub,treat,0.0016947085036955027,0.019844927684345415,0.932143826475172,-0.03775570206035447,0.04114511906774548,11680.0,0.12502621224421162,"{""coefficients"": {""treat"": 0.0016947085036955027, ""female"": -0.05080003523021534, ""siblings"": 0.04096630583387586, ""born_germany"": -0.08908784330769569, ""parent_nongermany"": -0.07014116198933458, ""newspaper"": 0.04932440271624176, ""art_at_home"": 0.0013909276275229701, ""academictrack"": 0.093263567737161, ""sportsclub_4_7"": 0.2642166974690789, ""music_4_7"": 0.02059142319981473}, ""inference"": {""spec_id"": ""infer/se/cluster/cityno"", ""params"": {""cluster_var"": ""cityno""}}, ""software"": {""runner_language"": ""python"", ""runner_version"": ""3.12.7"", ""packages"": {""pyfixest"": ""0.40.1"", ""pandas"": ""2.2.3"", ""numpy"": ""2.1.3""}}, ""surface_hash"": ""sha256:2c816c335b086168d9fc2e69130b7a95ca0dc823a736f7424cd799da88e53807"", ""design"": {""difference_in_differences"": {""estimator"": ""twfe"", ""treatment_timing"": ""2008/09 cohort onward (C2SC voucher introduced in Saxony school year 2008/09)"", ""estimand"": ""ATT"", ""comparison_groups"": ""Brandenburg and Thuringia serve as control states for treatment state Saxony"", ""panel_unit"": ""repeated_cross_section"", ""panel_time"": ""year_3rd (school examination cohort year, 2006-2010)"", ""fe_structure"": [""year_3rd"", ""bula_3rd"", ""cityno""], ""cluster_vars"": [""cityno""]}}, ""joint"": {""spec_id"": ""rc/joint/ebalance_plus_controls"", ""components"": [""rc/weights/main/ebalance_weighted"", ""rc/controls/sets/full""]}, ""weights"": {""weight_type"": ""entropy_balance""}, ""controls"": {""n_controls"": 9, ""controls"": [""female"", ""siblings"", ""born_germany"", ""parent_nongermany"", ""newspaper"", ""art_at_home"", ""academictrack"", ""sportsclub_4_7"", ""music_4_7""]}}","3 states, non-movers, balanced city panel, entropy-balanced weights, full controls",year_3rd + bula_3rd + cityno,"full (all 9): female, siblings, born_germany, parent_nongermany, newspaper, art_at_home, academictrack, sportsclub_4_7, music_4_7",cityno,1,
138922-V1,138922-V1__rc_weights_main_survey_weighted,rc/weights/main/survey_weighted,specification_tree/modules/robustness/weights.md#a-main-weight-choices,G1,sportsclub,treat,0.013185956737942386,0.020704770434043007,0.5259926321299351,-0.028002427307752015,0.05437434078363679,12003.0,0.02617612183719098,"{""coefficients"": {""treat"": 0.013185956737942386}, ""inference"": {""spec_id"": ""infer/se/cluster/cityno"", ""params"": {""cluster_var"": ""cityno""}}, ""software"": {""runner_language"": ""python"", ""runner_version"": ""3.12.7"", ""packages"": {""pyfixest"": ""0.40.1"", ""pandas"": ""2.2.3"", ""numpy"": ""2.1.3""}}, ""surface_hash"": ""sha256:2c816c335b086168d9fc2e69130b7a95ca0dc823a736f7424cd799da88e53807"", ""design"": {""difference_in_differences"": {""estimator"": ""twfe"", ""treatment_timing"": ""2008/09 cohort onward (C2SC voucher introduced in Saxony school year 2008/09)"", ""estimand"": ""ATT"", ""comparison_groups"": ""Brandenburg and Thuringia serve as control states for treatment state Saxony"", ""panel_unit"": ""repeated_cross_section"", ""panel_time"": ""year_3rd (school examination cohort year, 2006-2010)"", ""fe_structure"": [""year_3rd"", ""bula_3rd"", ""cityno""], ""cluster_vars"": [""cityno""]}}, ""weights"": {""spec_id"": ""rc/weights/main/survey_weighted"", ""family"": ""survey_weights"", ""weight_var"": ""weight2"", ""sample_restriction"": ""ins_register==1""}}","3 states, target==1, nonmiss==1, ins_register==1, cohorts 2006-2010, survey weighted",year_3rd + bula_3rd + cityno,none,cityno,1,
